customer_id,name_ar,name_en,national_id,risk_level,screening_status,account_status,last_transaction_date,wallet_status,risk_exception_approved,risk_exception_reference,risk_exception_reviewer,dormant_handling_status
CUST100000,أحمد يوسف,Ahmed Youssef,SYN155856795886,MEDIUM,CLEAR,ACTIVE,2026-03-13,OPENED,False,,,NOT_REQUIRED
CUST100001,ياسمين عمر,Yasmine Omar,SYN512435837382,LOW,CLEAR,ACTIVE,2026-02-15,OPENED,False,,,NOT_REQUIRED
CUST100002,مصطفى سالم,Mostafa Salem,SYN216127051463,HIGH,CLEAR,ACTIVE,2026-04-20,OPENED,False,,,NOT_REQUIRED
CUST100003,نور كمال,Nour Kamal,SYN237094039141,LOW,CLEAR,ACTIVE,2026-05-20,OPENED,False,,,NOT_REQUIRED
CUST100004,نور علي,Nour Ali,SYN669054531727,LOW,CLEAR,ACTIVE,2026-02-24,OPENED,False,,,NOT_REQUIRED
CUST100005,إسراء كمال,Esraa Kamal,SYN453634652413,MEDIUM,HIGH_RISK,ACTIVE,2026-06-11,OPENED,False,,,NOT_REQUIRED
CUST100006,أحمد يوسف,Ahmed Youssef,SYN929667205139,LOW,CLEAR,ACTIVE,2026-05-15,OPENED,False,,,NOT_REQUIRED
CUST100007,مصطفى إبراهيم,Mostafa Ibrahim,SYN387240845147,LOW,CLEAR,ACTIVE,2026-02-04,OPENED,False,,,NOT_REQUIRED
CUST100008,يوسف عمر,Youssef Omar,SYN753562115545,LOW,CLEAR,ACTIVE,2026-07-17,OPENED,False,,,NOT_REQUIRED
CUST100009,أحمد إبراهيم,Ahmed Ibrahim,SYN514989487139,LOW,CLEAR,ACTIVE,2026-01-10,OPENED,False,,,NOT_REQUIRED
CUST100010,هبة محمود,Heba Mahmoud,SYN693956171016,LOW,CLEAR,ACTIVE,2026-05-18,OPENED,False,,,NOT_REQUIRED
CUST100011,عبدالرحمن عمر,Abdelrahman Omar,SYN639725821044,LOW,HIGH_RISK,ACTIVE,2026-04-03,REVIEW,False,,,NOT_REQUIRED
CUST100012,,Khaled Hussein,SYN525505575483,LOW,CLEAR,DORMANT,2026-05-18,OPENED,False,,,COMPLETED
CUST100013,ياسمين محمود,Yasmine Mahmoud,SYN955054985161,LOW,CLEAR,ACTIVE,2026-06-12,OPENED,False,,,NOT_REQUIRED
CUST100014,خالد إبراهيم,Khaled Ibrahim,SYN408442278479,LOW,CLEAR,ACTIVE,2026-05-25,OPENED,False,,,NOT_REQUIRED
CUST100015,ياسمين يوسف,Yasmine Youssef,SYN259511951124,LOW,CLEAR,ACTIVE,2026-05-17,OPENED,False,,,NOT_REQUIRED
CUST100016,هبة محمد,Heba Mohamed,SYN710284654791,LOW,NO_MATCH,ACTIVE,2026-06-26,OPENED,False,,,NOT_REQUIRED
CUST100017,محمود إبراهيم,Mahmoud Ibrahim,SYN861406805177,LOW,CLEAR,ACTIVE,2026-05-28,OPENED,False,,,NOT_REQUIRED
CUST100018,آية أحمد,Aya Ahmed,SYN136228365945,LOW,CLEAR,ACTIVE,2026-06-20,OPENED,False,,,NOT_REQUIRED
CUST100019,منى علي,Mona Ali,SYN504669419580,LOW,CLEAR,ACTIVE,2026-03-26,OPENED,False,,,NOT_REQUIRED
CUST100020,هبة أحمد,Heba Ahmed,SYN903238920718,LOW,CLEAR,ACTIVE,2026-02-12,OPENED,False,,,NOT_REQUIRED
CUST100021,مريم علي,Mariam Ali,SYN774656757030,LOW,CLEAR,ACTIVE,2026-02-19,OPENED,False,,,NOT_REQUIRED
CUST100022,عمر كمال,Omar Kamal,SYN992626944847,LOW,CLEAR,ACTIVE,2026-05-09,OPENED,False,,,NOT_REQUIRED
CUST100023,عبدالله يوسف,Abdullah Youssef,SYN578272430437,LOW,CLEAR,ACTIVE,2026-04-22,OPENED,False,,,NOT_REQUIRED
CUST100024,ياسمين يوسف,Yasmine Youssef,SYN693996146921,LOW,CLEAR,ACTIVE,2026-01-17,OPENED,False,,,NOT_REQUIRED
CUST100025,كريم أحمد,Karim Ahmed,SYN372232253024,LOW,CLEAR,DORMANT,2026-02-12,OPENED,False,,,COMPLETED
CUST100026,نور علي,Nour Ali,SYN952782039699,MEDIUM,CLEAR,ACTIVE,2026-07-23,OPENED,False,,,NOT_REQUIRED
CUST100027,آية محمود,Aya Mahmoud,SYN429701939700,LOW,PENDING,ACTIVE,2026-06-02,OPENED,False,,,NOT_REQUIRED
CUST100028,هبة سالم,Heba Salem,SYN764659641417,LOW,CLEAR,ACTIVE,2026-06-08,OPENED,False,,,NOT_REQUIRED
CUST100029,نور محمد,Nour Mohamed,SYN462826183707,LOW,CLEAR,ACTIVE,2026-02-11,OPENED,False,,,NOT_REQUIRED
CUST100030,منى إبراهيم,Mona Ibrahim,SYN605637037056,LOW,CLEAR,ACTIVE,2026-01-14,OPENED,False,,,NOT_REQUIRED
CUST100031,يوسف حسن,Youssef Hassan,SYN747804281519,HIGH,CLEAR,ACTIVE,2026-03-03,OPENED,False,,,NOT_REQUIRED
CUST100032,أحمد فؤاد,Ahmed Fouad,SYN558040736576,LOW,CLEAR,ACTIVE,2026-06-29,OPENED,False,,,NOT_REQUIRED
CUST100033,دينا محمود,Dina Mahmoud,SYN916377694218,LOW,CLEAR,ACTIVE,2026-04-17,OPENED,False,,,NOT_REQUIRED
CUST100034,إسراء أحمد,Esraa Ahmed,SYN477370889135,LOW,NO_MATCH,ACTIVE,2026-06-14,OPENED,False,,,NOT_REQUIRED
CUST100035,أحمد عمر,Ahmed Omar,SYN682364618328,MEDIUM,CLEAR,ACTIVE,2026-04-13,OPENED,False,,,NOT_REQUIRED
CUST100036,إسراء كمال,Esraa Kamal,SYN408126189970,HIGH,CLEAR,ACTIVE,2026-04-13,OPENED,False,,,NOT_REQUIRED
CUST100037,آية أحمد,Aya Ahmed,SYN467341001407,LOW,CLEAR,ACTIVE,2026-05-07,OPENED,False,,,NOT_REQUIRED
CUST100038,علي عبدالله,Ali Abdallah,SYN496045097410,LOW,CLEAR,ACTIVE,2026-07-21,OPENED,False,,,NOT_REQUIRED
CUST100039,كريم يوسف,Karim Youssef,SYN213226316481,MEDIUM,CLEAR,ACTIVE,2026-04-02,PENDING,False,,,NOT_REQUIRED
CUST100040,عمر فؤاد,Omar Fouad,SYN182551311153,LOW,CLEAR,ACTIVE,2026-05-06,OPENED,False,,,NOT_REQUIRED
CUST100041,ياسمين يوسف,Yasmine Youssef,SYN700740930832,MEDIUM,NO_MATCH,ACTIVE,2026-07-13,OPENED,False,,,NOT_REQUIRED
CUST100042,خالد عبدالله,Khaled Abdallah,SYN689965964508,LOW,CLEAR,ACTIVE,2026-03-20,OPENED,False,,,NOT_REQUIRED
CUST100043,مريم محمد,Mariam Mohamed,SYN696618742789,MEDIUM,CLEAR,DORMANT,2026-06-26,OPENED,False,,,PENDING
CUST100044,أحمد فؤاد,Ahmed Fouad,SYN117789800808,HIGH,HIGH_RISK,ACTIVE,2026-04-23,OPENED,False,,,NOT_REQUIRED
CUST100045,عبدالرحمن حسن,Abdelrahman Hassan,SYN393892158404,LOW,NO_MATCH,ACTIVE,2026-07-04,OPENED,False,,,NOT_REQUIRED
CUST100046,نور حسين,Nour Hussein,SYN278028862533,LOW,CLEAR,ACTIVE,2026-04-09,OPENED,False,,,NOT_REQUIRED
CUST100047,إسراء منصور,Esraa Mansour,SYN800336280289,LOW,CLEAR,ACTIVE,2026-05-13,OPENED,False,,,NOT_REQUIRED
CUST100048,مصطفى فؤاد,Mostafa Fouad,SYN874567361256,LOW,NO_MATCH,ACTIVE,2026-03-09,OPENED,False,,,NOT_REQUIRED
CUST100049,ياسمين علي,Yasmine Ali,SYN322012339503,LOW,CLEAR,ACTIVE,2026-05-14,OPENED,False,,,NOT_REQUIRED
CUST100050,ياسمين إبراهيم,Yasmine Ibrahim,SYN701064242963,HIGH,HIGH_RISK,DORMANT,2026-03-10,REVIEW,False,,,COMPLETED
CUST100051,Omar Mohamed,Omar Mohamed,SYN216426523112,LOW,CLEAR,ACTIVE,2026-05-08,PENDING,False,,,NOT_REQUIRED
CUST100052,مريم إبراهيم,Mariam Ibrahim,SYN347637273041,LOW,CLEAR,ACTIVE,2026-06-15,OPENED,False,,,NOT_REQUIRED
CUST100053,منى مراد,Mona Mourad,SYN224789046610,MEDIUM,CLEAR,ACTIVE,2026-04-02,OPENED,False,,,NOT_REQUIRED
CUST100054,منى علي,Mona Ali,SYN355168689939,LOW,CLEAR,ACTIVE,2026-04-01,OPENED,False,,,NOT_REQUIRED
CUST100055,محمد مراد,Mohamed Mourad,SYN707262892614,LOW,CLEAR,ACTIVE,2026-03-09,OPENED,False,,,NOT_REQUIRED
CUST100056,هبة عبدالله,Heba Abdallah,SYN919294219166,HIGH,CLEAR,ACTIVE,2026-06-03,REVIEW,False,,,NOT_REQUIRED
CUST100057,عمر عمر,Omar Omar,SYN282270167131,LOW,CLEAR,DORMANT,2026-05-05,OPENED,False,,,PENDING
CUST100058,خالد عبدالله,Khaled Abdallah,SYN587871131455,LOW,CLEAR,ACTIVE,2026-04-19,OPENED,False,,,NOT_REQUIRED
CUST100059,مصطفى محمود,Mostafa Mahmoud,SYN731251991119,LOW,CLEAR,ACTIVE,2026-01-06,OPENED,False,,,NOT_REQUIRED
CUST100060,عبدالله عمر,Abdullah Omar,SYN957630221637,HIGH,CLEAR,DORMANT,2026-01-24,REVIEW,False,,,COMPLETED
CUST100061,خالد فؤاد,Khaled Fouad,SYN649054434598,LOW,CLEAR,DORMANT,2026-01-02,OPENED,False,,,PENDING
CUST100062,مريم حسن,Mariam Hassan,SYN329596237924,LOW,CLEAR,ACTIVE,2026-06-28,OPENED,False,,,NOT_REQUIRED
CUST100063,عبدالرحمن فؤاد,Abdelrahman Fouad,SYN662930341222,LOW,HIGH_RISK,ACTIVE,2026-06-28,REVIEW,False,,,NOT_REQUIRED
CUST100064,نور عمر,Nour Omar,SYN388442045510,LOW,CLEAR,ACTIVE,2026-01-15,OPENED,False,,,NOT_REQUIRED
CUST100065,سارة محمد,Sara Mohamed,SYN978515551622,MEDIUM,CLEAR,ACTIVE,2026-01-10,OPENED,False,,,NOT_REQUIRED
CUST100066,عبدالله كمال,Abdullah Kamal,SYN459708521647,LOW,CLEAR,ACTIVE,2026-06-14,OPENED,False,,,NOT_REQUIRED
CUST100067,مريم منصور,Mariam Mansour,SYN716884948684,HIGH,CLEAR,ACTIVE,2026-04-21,REVIEW,False,,,NOT_REQUIRED
CUST100068,أحمد محمد,Ahmed Mohamed,SYN120904824112,LOW,CLEAR,DORMANT,2026-03-06,OPENED,False,,,PENDING
CUST100069,منى أحمد,Mona Ahmed,SYN460055301521,LOW,CLEAR,ACTIVE,2026-05-10,OPENED,False,,,NOT_REQUIRED
CUST100070,ياسمين فؤاد,Yasmine Fouad,SYN887596851990,MEDIUM,CLEAR,ACTIVE,2026-02-19,OPENED,False,,,NOT_REQUIRED
CUST100071,عمر حسين,Omar Hussein,SYN649204699989,LOW,NO_MATCH,ACTIVE,2026-02-11,PENDING,False,,,NOT_REQUIRED
CUST100072,منى عمر,Mona Omar,SYN499548597756,LOW,CLEAR,ACTIVE,2026-03-19,OPENED,False,,,NOT_REQUIRED
CUST100073,محمود إبراهيم,Mahmoud Ibrahim,SYN942343749492,MEDIUM,PENDING,ACTIVE,2026-07-08,OPENED,False,,,NOT_REQUIRED
CUST100074,مصطفى إبراهيم,Mostafa Ibrahim,SYN868585938532,LOW,PENDING,ACTIVE,2026-06-11,OPENED,False,,,NOT_REQUIRED
CUST100075,منى حسن,Mona Hassan,SYN389994106440,LOW,NO_MATCH,ACTIVE,2026-02-09,OPENED,False,,,NOT_REQUIRED
CUST100076,سارة فؤاد,Sara Fouad,SYN590093561837,HIGH,CLEAR,ACTIVE,2026-04-28,REVIEW,False,,,NOT_REQUIRED
CUST100077,يوسف حسن,Youssef Hassan,SYN540841830483,LOW,CLEAR,ACTIVE,2026-07-05,OPENED,False,,,NOT_REQUIRED
CUST100078,دينا عبدالله,Dina Abdallah,SYN668982250103,LOW,CLEAR,ACTIVE,2026-07-19,OPENED,False,,,NOT_REQUIRED
CUST100079,مصطفى يوسف,Mostafa Youssef,SYN400700140262,LOW,CLEAR,ACTIVE,2026-06-10,OPENED,False,,,NOT_REQUIRED
CUST100080,عبدالله كمال,Abdullah Kamal,SYN319784500689,LOW,CLEAR,ACTIVE,2026-01-28,OPENED,False,,,NOT_REQUIRED
CUST100081,نور مراد,Nour Mourad,SYN921404651729,LOW,CLEAR,ACTIVE,2026-02-20,OPENED,False,,,NOT_REQUIRED
CUST100082,عمر مراد,Omar Mourad,SYN931487049548,LOW,CLEAR,ACTIVE,2026-02-15,OPENED,False,,,NOT_REQUIRED
CUST100083,آية سالم,Aya Salem,SYN858990597185,LOW,CLEAR,ACTIVE,2026-02-01,OPENED,False,,,NOT_REQUIRED
CUST100084,كريم حسين,Karim Hussein,SYN980383987688,LOW,CLEAR,ACTIVE,2026-02-06,OPENED,False,,,NOT_REQUIRED
CUST100085,خالد يوسف,Khaled Youssef,SYN770492373201,LOW,CLEAR,DORMANT,2026-03-08,OPENED,False,,,PENDING
CUST100086,أحمد يوسف,Ahmed Youssef,SYN788200505705,LOW,CLEAR,ACTIVE,2026-04-27,OPENED,False,,,NOT_REQUIRED
CUST100087,,Sara Mourad,SYN786331082766,LOW,CLEAR,ACTIVE,2026-03-25,OPENED,False,,,NOT_REQUIRED
CUST100088,ياسمين منصور,Yasmine Mansour,SYN532546867848,LOW,CLEAR,ACTIVE,2026-03-30,OPENED,False,,,NOT_REQUIRED
CUST100089,آية حسن,Aya Hassan,SYN510806975062,LOW,NO_MATCH,ACTIVE,2026-02-21,OPENED,False,,,NOT_REQUIRED
CUST100090,نور إبراهيم,Nour Ibrahim,SYN316203648534,LOW,PENDING,ACTIVE,2026-02-01,OPENED,False,,,NOT_REQUIRED
CUST100091,آية عبدالله,Aya Abdallah,SYN680337274923,MEDIUM,NO_MATCH,ACTIVE,2026-07-29,OPENED,False,,,NOT_REQUIRED
CUST100092,آية يوسف,Aya Youssef,SYN360388122492,LOW,PENDING,ACTIVE,2026-05-06,OPENED,False,,,NOT_REQUIRED
CUST100093,مريم محمد,Mariam Mohamed,SYN332027568732,LOW,NO_MATCH,ACTIVE,2026-02-18,PENDING,False,,,NOT_REQUIRED
CUST100094,إسراء محمود,Esraa Mahmoud,SYN627365236686,MEDIUM,CLEAR,ACTIVE,2026-06-20,OPENED,False,,,NOT_REQUIRED
CUST100095,علي علي,Ali Ali,SYN468984149402,LOW,CLEAR,ACTIVE,2026-06-24,OPENED,False,,,NOT_REQUIRED
CUST100096,يوسف يوسف,Youssef Youssef,SYN296970947915,LOW,CLEAR,ACTIVE,2026-07-23,OPENED,False,,,NOT_REQUIRED
CUST100097,مصطفى عمر,Mostafa Omar,SYN834450415077,LOW,CLEAR,ACTIVE,2026-02-03,OPENED,False,,,NOT_REQUIRED
CUST100098,كريم أحمد,Karim Ahmed,SYN874512927364,LOW,CLEAR,ACTIVE,2026-05-15,OPENED,False,,,NOT_REQUIRED
CUST100099,محمود عبدالله,Mahmoud Abdallah,SYN250929567710,LOW,CLEAR,ACTIVE,2026-07-25,OPENED,False,,,NOT_REQUIRED
CUST100100,آية إبراهيم,Aya Ibrahim,SYN106756329519,MEDIUM,NO_MATCH,ACTIVE,2026-06-19,OPENED,False,,,NOT_REQUIRED
CUST100101,عمر إبراهيم,Omar Ibrahim,SYN402516971676,LOW,CLEAR,ACTIVE,2026-02-17,PENDING,False,,,NOT_REQUIRED
CUST100102,آية كمال,Aya Kamal,SYN817759752112,MEDIUM,NO_MATCH,ACTIVE,2026-07-07,OPENED,False,,,NOT_REQUIRED
CUST100103,محمد حسن,Mohamed Hassan,SYN855256479610,MEDIUM,CLEAR,ACTIVE,2026-03-30,OPENED,False,,,NOT_REQUIRED
CUST100104,ياسمين محمود,Yasmine Mahmoud,SYN224496163104,LOW,CLEAR,ACTIVE,2026-04-13,OPENED,False,,,NOT_REQUIRED
CUST100105,ياسمين حسن,Yasmine Hassan,SYN796902311064,LOW,CLEAR,ACTIVE,2026-04-28,OPENED,False,,,NOT_REQUIRED
CUST100106,ياسمين حسين,Yasmine Hussein,SYN204133750578,LOW,CLEAR,ACTIVE,2026-06-11,PENDING,False,,,NOT_REQUIRED
CUST100107,مصطفى كمال,Mostafa Kamal,SYN451056331140,HIGH,CLEAR,ACTIVE,2026-01-26,REVIEW,False,,,NOT_REQUIRED
CUST100108,منى مراد,Mona Mourad,SYN998748563510,LOW,CLEAR,DORMANT,2026-04-24,OPENED,False,,,PENDING
CUST100109,خالد أحمد,Khaled Ahmed,SYN273331740907,LOW,NO_MATCH,ACTIVE,2026-06-21,OPENED,False,,,NOT_REQUIRED
CUST100110,علي منصور,Ali Mansour,SYN238567224319,LOW,CLEAR,ACTIVE,2026-04-26,PENDING,False,,,NOT_REQUIRED
CUST100111,ياسمين حسين,Yasmine Hussein,SYN480520299292,LOW,CLEAR,ACTIVE,2026-02-27,OPENED,False,,,NOT_REQUIRED
CUST100112,دينا حسن,Dina Hassan,SYN657701673372,LOW,CLEAR,ACTIVE,2026-01-12,OPENED,False,,,NOT_REQUIRED
CUST100113,منى محمود,Mona Mahmoud,SYN939610704171,LOW,CLEAR,ACTIVE,2026-04-26,OPENED,False,,,NOT_REQUIRED
CUST100114,هبة حسن,Heba Hassan,SYN982739030979,LOW,CLEAR,ACTIVE,2026-05-28,OPENED,False,,,NOT_REQUIRED
CUST100115,دينا إبراهيم,Dina Ibrahim,SYN162676572932,MEDIUM,CLEAR,ACTIVE,2026-04-26,OPENED,False,,,NOT_REQUIRED
CUST100116,محمد مراد,Mohamed Mourad,SYN224197765613,LOW,CLEAR,ACTIVE,2026-07-25,OPENED,False,,,NOT_REQUIRED
CUST100117,محمود سالم,Mahmoud Salem,SYN811664176506,LOW,CLEAR,ACTIVE,2026-05-07,OPENED,False,,,NOT_REQUIRED
CUST100118,يوسف فؤاد,Youssef Fouad,SYN343568937043,LOW,CLEAR,ACTIVE,2026-04-17,OPENED,False,,,NOT_REQUIRED
CUST100119,محمود إبراهيم,Mahmoud Ibrahim,SYN896364153555,HIGH,CLEAR,ACTIVE,2026-01-12,OPENED,True,EXC-100119,SYN-REVIEWER-01,NOT_REQUIRED
CUST100120,نور أحمد,Nour Ahmed,SYN697107931506,LOW,CLEAR,DORMANT,2026-04-28,OPENED,False,,,PENDING
CUST100121,مصطفى علي,Mostafa Ali,SYN200660322142,LOW,CLEAR,ACTIVE,2026-02-05,OPENED,False,,,NOT_REQUIRED
CUST100122,مصطفى محمود,Mostafa Mahmoud,SYN849276356431,LOW,CLEAR,ACTIVE,2026-06-02,OPENED,False,,,NOT_REQUIRED
CUST100123,منى حسين,Mona Hussein,SYN258720742007,LOW,CLEAR,ACTIVE,2026-02-03,OPENED,False,,,NOT_REQUIRED
CUST100124,إسراء يوسف,Esraa Youssef,SYN481145855211,LOW,CLEAR,DORMANT,2026-07-10,PENDING,False,,,COMPLETED
CUST100125,دينا يوسف,Dina Youssef,SYN596966435703,LOW,CLEAR,ACTIVE,2026-03-05,OPENED,False,,,NOT_REQUIRED
CUST100126,أحمد يوسف,Ahmed Youssef,SYN550689534172,LOW,CLEAR,ACTIVE,2026-04-02,OPENED,False,,,NOT_REQUIRED
CUST100127,ياسمين منصور,Yasmine Mansour,SYN717546624053,LOW,CLEAR,ACTIVE,2026-01-31,OPENED,False,,,NOT_REQUIRED
CUST100128,دينا سالم,Dina Salem,SYN687418061382,LOW,CLEAR,ACTIVE,2026-02-14,PENDING,False,,,NOT_REQUIRED
CUST100129,كريم منصور,Karim Mansour,SYN992837804975,LOW,NO_MATCH,ACTIVE,2026-07-13,OPENED,False,,,NOT_REQUIRED
CUST100130,دينا عبدالله,Dina Abdallah,SYN999479718301,LOW,CLEAR,ACTIVE,2026-03-01,OPENED,False,,,NOT_REQUIRED
CUST100131,دينا فؤاد,Dina Fouad,SYN564813462372,MEDIUM,HIGH_RISK,ACTIVE,2026-04-18,REVIEW,False,,,NOT_REQUIRED
CUST100132,أحمد عمر,Ahmed Omar,SYN185679178264,HIGH,CLEAR,ACTIVE,2026-07-26,REVIEW,False,,,NOT_REQUIRED
CUST100133,دينا عمر,Dina Omar,SYN755058969071,MEDIUM,CLEAR,ACTIVE,2026-05-11,PENDING,False,,,NOT_REQUIRED
CUST100134,ياسمين منصور,Yasmine Mansour,SYN978997670394,LOW,CLEAR,ACTIVE,2026-01-09,OPENED,False,,,NOT_REQUIRED
CUST100135,سارة أحمد,Sara Ahmed,SYN386493748866,LOW,CLEAR,ACTIVE,2026-03-17,OPENED,False,,,NOT_REQUIRED
CUST100136,كريم فؤاد,Karim Fouad,SYN515087997253,LOW,PENDING,ACTIVE,2026-03-23,OPENED,False,,,NOT_REQUIRED
CUST100137,محمد محمد,Mohamed Mohamed,SYN482299232333,MEDIUM,CLEAR,ACTIVE,2026-02-28,OPENED,False,,,NOT_REQUIRED
CUST100138,سارة عمر,Sara Omar,SYN146277239101,MEDIUM,CLEAR,ACTIVE,2026-02-20,PENDING,False,,,NOT_REQUIRED
CUST100139,نور سالم,Nour Salem,SYN705037988101,MEDIUM,CLEAR,ACTIVE,2026-04-16,OPENED,False,,,NOT_REQUIRED
CUST100140,عبدالرحمن كمال,Abdelrahman Kamal,SYN418003925561,MEDIUM,CLEAR,ACTIVE,2026-03-21,OPENED,False,,,NOT_REQUIRED
CUST100141,يوسف محمد,Youssef Mohamed,SYN808717487168,LOW,CLEAR,ACTIVE,2026-03-03,OPENED,False,,,NOT_REQUIRED
CUST100142,علي كمال,Ali Kamal,SYN848908067753,MEDIUM,NO_MATCH,ACTIVE,2026-03-28,OPENED,False,,,NOT_REQUIRED
CUST100143,نور يوسف,Nour Youssef,SYN839107707938,MEDIUM,CLEAR,ACTIVE,2026-03-14,OPENED,False,,,NOT_REQUIRED
CUST100144,عبدالرحمن محمود,Abdelrahman Mahmoud,SYN474999398235,LOW,CLEAR,ACTIVE,2026-02-18,OPENED,False,,,NOT_REQUIRED
CUST100145,,Esraa Ibrahim,SYN389391114016,MEDIUM,CLEAR,ACTIVE,2026-04-06,OPENED,False,,,NOT_REQUIRED
CUST100146,محمد إبراهيم,Mohamed Ibrahim,SYN773938701700,LOW,CLEAR,ACTIVE,2026-07-17,OPENED,False,,,NOT_REQUIRED
CUST100147,يوسف عمر,Youssef Omar,SYN821250490458,HIGH,CLEAR,ACTIVE,2026-04-17,REVIEW,False,,,NOT_REQUIRED
CUST100148,آية فؤاد,Aya Fouad,SYN542131701752,MEDIUM,PENDING,ACTIVE,2026-05-06,OPENED,False,,,NOT_REQUIRED
CUST100149,أحمد يوسف,Ahmed Youssef,SYN903727917582,LOW,CLEAR,ACTIVE,2026-07-26,OPENED,False,,,NOT_REQUIRED
CUST100150,إسراء محمد,Esraa Mohamed,SYN229517826470,LOW,CLEAR,ACTIVE,2026-05-09,OPENED,False,,,NOT_REQUIRED
CUST100151,علي إبراهيم,Ali Ibrahim,SYN891161901693,LOW,CLEAR,ACTIVE,2026-02-16,OPENED,False,,,NOT_REQUIRED
CUST100152,عبدالله عبدالله,Abdullah Abdallah,SYN186485709674,MEDIUM,CLEAR,ACTIVE,2026-03-25,OPENED,False,,,NOT_REQUIRED
CUST100153,علي كمال,Ali Kamal,SYN238172969849,MEDIUM,CLEAR,ACTIVE,2026-04-13,OPENED,False,,,NOT_REQUIRED
CUST100154,نور محمود,Nour Mahmoud,SYN580456011946,LOW,CLEAR,ACTIVE,2026-04-10,OPENED,False,,,NOT_REQUIRED
CUST100155,مصطفى سالم,Mostafa Salem,SYN160766632168,MEDIUM,CLEAR,ACTIVE,2026-02-01,OPENED,False,,,NOT_REQUIRED
CUST100156,محمود علي,Mahmoud Ali,SYN147526391260,LOW,HIGH_RISK,ACTIVE,2026-01-23,OPENED,False,,,NOT_REQUIRED
CUST100157,دينا يوسف,Dina Youssef,SYN100466869749,LOW,CLEAR,ACTIVE,2026-03-15,OPENED,False,,,NOT_REQUIRED
CUST100158,هبة محمد,Heba Mohamed,SYN492684993724,LOW,NO_MATCH,ACTIVE,2026-07-11,OPENED,False,,,NOT_REQUIRED
CUST100159,ياسمين محمد,Yasmine Mohamed,SYN797161493163,LOW,CLEAR,ACTIVE,2026-05-31,OPENED,False,,,NOT_REQUIRED
CUST100160,عبدالرحمن سالم,Abdelrahman Salem,SYN131354515251,LOW,NO_MATCH,ACTIVE,2026-06-26,OPENED,False,,,NOT_REQUIRED
CUST100161,مصطفى إبراهيم,Mostafa Ibrahim,SYN687031845819,LOW,NO_MATCH,ACTIVE,2026-02-06,PENDING,False,,,NOT_REQUIRED
CUST100162,نور يوسف,Nour Youssef,SYN840814585674,LOW,CLEAR,ACTIVE,2026-03-28,OPENED,False,,,NOT_REQUIRED
CUST100163,نور إبراهيم,Nour Ibrahim,SYN251200763720,LOW,CLEAR,ACTIVE,2026-05-03,OPENED,False,,,NOT_REQUIRED
CUST100164,نور إبراهيم,Nour Ibrahim,SYN232177361339,MEDIUM,CLEAR,ACTIVE,2026-04-02,OPENED,False,,,NOT_REQUIRED
CUST100165,آية علي,Aya Ali,SYN874720876258,LOW,CLEAR,ACTIVE,2026-03-29,OPENED,False,,,NOT_REQUIRED
CUST100166,سارة أحمد,Sara Ahmed,SYN840812148955,MEDIUM,CLEAR,ACTIVE,2026-03-17,OPENED,False,,,NOT_REQUIRED
CUST100167,عمر محمد,Omar Mohamed,SYN585047589637,LOW,CLEAR,ACTIVE,2026-01-11,OPENED,False,,,NOT_REQUIRED
CUST100168,سارة مراد,Sara Mourad,SYN837279891364,LOW,CLEAR,ACTIVE,2026-06-30,OPENED,False,,,NOT_REQUIRED
CUST100169,محمد كمال,Mohamed Kamal,SYN183480469682,LOW,CLEAR,ACTIVE,2026-07-15,OPENED,False,,,NOT_REQUIRED
CUST100170,محمود منصور,Mahmoud Mansour,SYN455033366144,LOW,NO_MATCH,DORMANT,2026-01-17,OPENED,False,,,PENDING
CUST100171,أحمد منصور,Ahmed Mansour,SYN764017800495,LOW,CLEAR,ACTIVE,2026-03-28,OPENED,False,,,NOT_REQUIRED
CUST100172,ياسمين محمد,Yasmine Mohamed,SYN331706763391,LOW,CLEAR,DORMANT,2026-04-19,OPENED,False,,,PENDING
CUST100173,خالد حسن,Khaled Hassan,SYN777096022990,LOW,NO_MATCH,ACTIVE,2026-06-14,OPENED,False,,,NOT_REQUIRED
CUST100174,مصطفى أحمد,Mostafa Ahmed,SYN553760743951,LOW,CLEAR,ACTIVE,2026-07-27,OPENED,False,,,NOT_REQUIRED
CUST100175,منى محمد,Mona Mohamed,SYN775239389153,LOW,CLEAR,ACTIVE,2026-03-29,OPENED,False,,,NOT_REQUIRED
CUST100176,خالد محمود,Khaled Mahmoud,SYN518211674071,LOW,PENDING,ACTIVE,2026-06-07,OPENED,False,,,NOT_REQUIRED
CUST100177,عمر حسن,Omar Hassan,SYN431113906199,MEDIUM,CLEAR,DORMANT,2026-07-16,OPENED,False,,,PENDING
CUST100178,عبدالله حسين,Abdullah Hussein,SYN297270294830,LOW,CLEAR,ACTIVE,2026-06-24,OPENED,False,,,NOT_REQUIRED
CUST100179,هبة أحمد,Heba Ahmed,SYN287541407291,HIGH,CLEAR,ACTIVE,2026-03-02,REVIEW,False,,,NOT_REQUIRED
CUST100180,عبدالله منصور,Abdullah Mansour,SYN776341729514,MEDIUM,NO_MATCH,ACTIVE,2026-06-21,OPENED,False,,,NOT_REQUIRED
CUST100181,عمر كمال,Omar Kamal,SYN207019313230,HIGH,CLEAR,ACTIVE,2026-03-28,REVIEW,False,,,NOT_REQUIRED
CUST100182,منى فؤاد,Mona Fouad,SYN177384115099,MEDIUM,CLEAR,ACTIVE,2026-01-04,OPENED,False,,,NOT_REQUIRED
CUST100183,مصطفى عبدالله,Mostafa Abdallah,SYN258662228519,LOW,CLEAR,ACTIVE,2026-06-09,OPENED,False,,,NOT_REQUIRED
CUST100184,منى عبدالله,Mona Abdallah,SYN257811860308,LOW,CLEAR,DORMANT,2026-06-25,OPENED,False,,,PENDING
CUST100185,نور محمود,Nour Mahmoud,SYN840796860526,LOW,CLEAR,ACTIVE,2026-03-14,PENDING,False,,,NOT_REQUIRED
CUST100186,عمر حسن,Omar Hassan,SYN458655961126,MEDIUM,CLEAR,ACTIVE,2026-04-05,PENDING,False,,,NOT_REQUIRED
CUST100187,مريم سالم,Mariam Salem,SYN991349611624,LOW,PENDING,ACTIVE,2026-03-18,OPENED,False,,,NOT_REQUIRED
CUST100188,يوسف سالم,Youssef Salem,SYN223490132011,LOW,CLEAR,ACTIVE,2026-01-25,OPENED,False,,,NOT_REQUIRED
CUST100189,سارة أحمد,Sara Ahmed,SYN688185843124,MEDIUM,CLEAR,ACTIVE,2026-07-28,OPENED,False,,,NOT_REQUIRED
CUST100190,مصطفى عبدالله,Mostafa Abdallah,SYN503856556481,LOW,CLEAR,ACTIVE,2026-01-05,OPENED,False,,,NOT_REQUIRED
CUST100191,كريم محمود,Karim Mahmoud,SYN453626359027,LOW,CLEAR,ACTIVE,2026-04-27,OPENED,False,,,NOT_REQUIRED
CUST100192,كريم حسن,Karim Hassan,SYN887575779148,MEDIUM,CLEAR,ACTIVE,2026-01-04,OPENED,False,,,NOT_REQUIRED
CUST100193,مريم فؤاد,Mariam Fouad,SYN978036081245,LOW,CLEAR,ACTIVE,2026-05-25,OPENED,False,,,NOT_REQUIRED
CUST100194,عبدالرحمن إبراهيم,Abdelrahman Ibrahim,SYN885573062896,LOW,CLEAR,ACTIVE,2026-07-09,OPENED,False,,,NOT_REQUIRED
CUST100195,أحمد منصور,Ahmed Mansour,SYN273070611131,MEDIUM,CLEAR,ACTIVE,2026-05-16,OPENED,False,,,NOT_REQUIRED
CUST100196,سارة فؤاد,Sara Fouad,SYN298718129088,LOW,CLEAR,ACTIVE,2026-05-08,OPENED,False,,,NOT_REQUIRED
CUST100197,محمود مراد,Mahmoud Mourad,SYN690466491185,LOW,CLEAR,ACTIVE,2026-06-23,OPENED,False,,,NOT_REQUIRED
CUST100198,سارة يوسف,Sara Youssef,SYN360175223474,LOW,PENDING,ACTIVE,2026-07-24,OPENED,False,,,NOT_REQUIRED
CUST100199,عبدالرحمن منصور,Abdelrahman Mansour,SYN761252617702,LOW,NO_MATCH,ACTIVE,2026-06-30,PENDING,False,,,NOT_REQUIRED
CUST100200,مريم كمال,Mariam Kamal,SYN609778585728,LOW,CLEAR,ACTIVE,2026-02-18,OPENED,False,,,NOT_REQUIRED
CUST100201,عبدالله إبراهيم,Abdullah Ibrahim,SYN595817891641,MEDIUM,NO_MATCH,ACTIVE,2026-04-29,OPENED,False,,,NOT_REQUIRED
CUST100202,منى مراد,Mona Mourad,SYN845692232354,MEDIUM,NO_MATCH,ACTIVE,2026-06-21,PENDING,False,,,NOT_REQUIRED
CUST100203,مصطفى عمر,Mostafa Omar,SYN739479494568,LOW,CLEAR,ACTIVE,2026-03-03,OPENED,False,,,NOT_REQUIRED
CUST100204,منى منصور,Mona Mansour,SYN123919988497,LOW,NO_MATCH,ACTIVE,2026-05-22,OPENED,False,,,NOT_REQUIRED
CUST100205,علي كمال,Ali Kamal,SYN144513223431,LOW,CLEAR,ACTIVE,2026-01-05,OPENED,False,,,NOT_REQUIRED
CUST100206,ياسمين إبراهيم,Yasmine Ibrahim,SYN641402607210,LOW,CLEAR,ACTIVE,2026-07-04,OPENED,False,,,NOT_REQUIRED
CUST100207,عبدالرحمن فؤاد,Abdelrahman Fouad,SYN537572868060,LOW,CLEAR,ACTIVE,2026-05-10,OPENED,False,,,NOT_REQUIRED
CUST100208,علي محمود,Ali Mahmoud,SYN334166189808,HIGH,CLEAR,ACTIVE,2026-06-06,OPENED,False,,,NOT_REQUIRED
CUST100209,ياسمين مراد,Yasmine Mourad,SYN476790478583,LOW,CLEAR,ACTIVE,2026-06-23,OPENED,False,,,NOT_REQUIRED
CUST100210,علي منصور,Ali Mansour,SYN782119286859,HIGH,CLEAR,ACTIVE,2026-02-15,REVIEW,False,,,NOT_REQUIRED
CUST100211,,Khaled Omar,SYN843950336192,LOW,CLEAR,ACTIVE,2026-04-05,OPENED,False,,,NOT_REQUIRED
CUST100212,ياسمين عبدالله,Yasmine Abdallah,SYN605100761101,MEDIUM,CLEAR,ACTIVE,2026-06-30,OPENED,False,,,NOT_REQUIRED
CUST100213,نور كمال,Nour Kamal,SYN446832532771,LOW,CLEAR,ACTIVE,2026-02-04,OPENED,False,,,NOT_REQUIRED
CUST100214,خالد علي,Khaled Ali,SYN343627085345,MEDIUM,CLEAR,ACTIVE,2026-06-22,OPENED,False,,,NOT_REQUIRED
CUST100215,علي علي,Ali Ali,SYN569726623692,LOW,CLEAR,ACTIVE,2026-03-02,OPENED,False,,,NOT_REQUIRED
CUST100216,أحمد إبراهيم,Ahmed Ibrahim,SYN383274656707,LOW,CLEAR,ACTIVE,2026-05-01,OPENED,False,,,NOT_REQUIRED
CUST100217,أحمد فؤاد,Ahmed Fouad,SYN607685623342,MEDIUM,CLEAR,ACTIVE,2026-04-18,OPENED,False,,,NOT_REQUIRED
CUST100218,نور يوسف,Nour Youssef,SYN708987144258,HIGH,CLEAR,DORMANT,2026-05-25,REVIEW,False,,,COMPLETED
CUST100219,عبدالله عبدالله,Abdullah Abdallah,SYN159471289827,LOW,CLEAR,ACTIVE,2026-06-25,OPENED,False,,,NOT_REQUIRED
CUST100220,محمود منصور,Mahmoud Mansour,SYN100960718520,LOW,CLEAR,ACTIVE,2026-03-15,OPENED,False,,,NOT_REQUIRED
CUST100221,منى سالم,Mona Salem,SYN291049424956,LOW,CLEAR,ACTIVE,2026-02-06,PENDING,False,,,NOT_REQUIRED
CUST100222,خالد مراد,Khaled Mourad,SYN905060347946,LOW,CLEAR,DORMANT,2026-03-30,OPENED,False,,,PENDING
CUST100223,يوسف منصور,Youssef Mansour,SYN681661686905,LOW,CLEAR,ACTIVE,2026-05-09,OPENED,False,,,NOT_REQUIRED
CUST100224,خالد عبدالله,Khaled Abdallah,SYN254764316743,MEDIUM,CLEAR,ACTIVE,2026-06-07,OPENED,False,,,NOT_REQUIRED
CUST100225,سارة مراد,Sara Mourad,SYN901237565641,LOW,CLEAR,ACTIVE,2026-06-08,OPENED,False,,,NOT_REQUIRED
CUST100226,آية علي,Aya Ali,SYN522960346258,LOW,CLEAR,ACTIVE,2026-03-13,OPENED,False,,,NOT_REQUIRED
CUST100227,دينا مراد,Dina Mourad,SYN528482581010,LOW,CLEAR,ACTIVE,2026-07-16,OPENED,False,,,NOT_REQUIRED
CUST100228,هبة حسن,Heba Hassan,SYN941987749458,LOW,CLEAR,ACTIVE,2026-01-18,OPENED,False,,,NOT_REQUIRED
CUST100229,عمر محمود,Omar Mahmoud,SYN153538022965,LOW,CLEAR,ACTIVE,2026-01-25,OPENED,False,,,NOT_REQUIRED
CUST100230,منى يوسف,Mona Youssef,SYN293660447165,LOW,CLEAR,DORMANT,2026-01-06,OPENED,False,,,PENDING
CUST100231,إسراء عمر,Esraa Omar,SYN627194192639,LOW,CLEAR,ACTIVE,2026-07-14,OPENED,False,,,NOT_REQUIRED
CUST100232,محمد مراد,Mohamed Mourad,SYN275937858623,LOW,CLEAR,ACTIVE,2026-02-07,OPENED,False,,,NOT_REQUIRED
CUST100233,ياسمين عمر,Yasmine Omar,SYN711574308288,HIGH,CLEAR,ACTIVE,2026-05-07,REVIEW,False,,,NOT_REQUIRED
CUST100234,منى منصور,Mona Mansour,SYN292683060403,MEDIUM,CLEAR,ACTIVE,2026-06-20,OPENED,False,,,NOT_REQUIRED
CUST100235,خالد محمد,Khaled Mohamed,SYN189241273538,MEDIUM,CLEAR,ACTIVE,2026-06-11,OPENED,False,,,NOT_REQUIRED
CUST100236,مصطفى أحمد,Mostafa Ahmed,SYN286286643676,LOW,NO_MATCH,ACTIVE,2026-07-19,OPENED,False,,,NOT_REQUIRED
CUST100237,نور علي,Nour Ali,SYN480460630844,LOW,CLEAR,ACTIVE,2026-01-12,OPENED,False,,,NOT_REQUIRED
CUST100238,سارة محمود,Sara Mahmoud,SYN258524469255,LOW,CLEAR,ACTIVE,2026-03-27,OPENED,False,,,NOT_REQUIRED
CUST100239,كريم أحمد,Karim Ahmed,SYN221222822431,LOW,CLEAR,ACTIVE,2026-04-17,OPENED,False,,,NOT_REQUIRED
CUST100240,محمود إبراهيم,Mahmoud Ibrahim,SYN874253697597,LOW,HIGH_RISK,ACTIVE,2026-05-27,REVIEW,False,,,NOT_REQUIRED
CUST100241,دينا عمر,Dina Omar,SYN388357483237,LOW,CLEAR,ACTIVE,2026-05-11,OPENED,False,,,NOT_REQUIRED
CUST100242,أحمد مراد,Ahmed Mourad,SYN424682817866,LOW,NO_MATCH,ACTIVE,2026-04-28,OPENED,False,,,NOT_REQUIRED
CUST100243,كريم إبراهيم,Karim Ibrahim,SYN149743368551,LOW,CLEAR,ACTIVE,2026-03-06,OPENED,False,,,NOT_REQUIRED
CUST100244,كريم كمال,Karim Kamal,SYN421632661151,LOW,CLEAR,ACTIVE,2026-01-23,OPENED,False,,,NOT_REQUIRED
CUST100245,أحمد مراد,Ahmed Mourad,SYN338326459589,LOW,CLEAR,ACTIVE,2026-04-01,PENDING,False,,,NOT_REQUIRED
CUST100246,ياسمين يوسف,Yasmine Youssef,SYN649436560607,LOW,CLEAR,ACTIVE,2026-02-24,OPENED,False,,,NOT_REQUIRED
CUST100247,نور عبدالله,Nour Abdallah,SYN284851267905,LOW,CLEAR,ACTIVE,2026-04-27,OPENED,False,,,NOT_REQUIRED
CUST100248,ياسمين محمود,Yasmine Mahmoud,SYN899528907756,LOW,PENDING,ACTIVE,2026-06-17,OPENED,False,,,NOT_REQUIRED
CUST100249,محمد مراد,Mohamed Mourad,SYN936699958827,LOW,CLEAR,ACTIVE,2026-04-27,OPENED,False,,,NOT_REQUIRED
CUST100250,عمر حسين,Omar Hussein,SYN189847951459,LOW,NO_MATCH,ACTIVE,2026-05-03,PENDING,False,,,NOT_REQUIRED
CUST100251,منى عبدالله,Mona Abdallah,SYN196662660659,MEDIUM,CLEAR,ACTIVE,2026-01-09,OPENED,False,,,NOT_REQUIRED
CUST100252,عمر علي,Omar Ali,SYN203793794299,LOW,CLEAR,ACTIVE,2026-05-16,OPENED,False,,,NOT_REQUIRED
CUST100253,سارة عمر,Sara Omar,SYN657612330679,LOW,CLEAR,ACTIVE,2026-04-03,OPENED,False,,,NOT_REQUIRED
CUST100254,مصطفى منصور,Mostafa Mansour,SYN209772067788,HIGH,CLEAR,ACTIVE,2026-01-26,REVIEW,False,,,NOT_REQUIRED
CUST100255,محمود علي,Mahmoud Ali,SYN867144086137,LOW,CLEAR,ACTIVE,2026-02-14,OPENED,False,,,NOT_REQUIRED
CUST100256,مصطفى حسين,Mostafa Hussein,SYN778844363444,MEDIUM,CLEAR,ACTIVE,2026-06-13,OPENED,False,,,NOT_REQUIRED
CUST100257,محمود سالم,Mahmoud Salem,SYN837827972414,MEDIUM,CLEAR,ACTIVE,2026-07-12,OPENED,False,,,NOT_REQUIRED
CUST100258,عمر سالم,Omar Salem,SYN573454474197,LOW,CLEAR,DORMANT,2026-04-17,OPENED,False,,,PENDING
CUST100259,دينا يوسف,Dina Youssef,SYN997009490367,LOW,CLEAR,ACTIVE,2026-07-25,PENDING,False,,,NOT_REQUIRED
CUST100260,ياسمين حسين,Yasmine Hussein,SYN139757592649,LOW,CLEAR,DORMANT,2026-02-07,OPENED,False,,,PENDING
CUST100261,عمر كمال,Omar Kamal,SYN461138467767,HIGH,CLEAR,ACTIVE,2026-03-04,REVIEW,False,,,NOT_REQUIRED
CUST100262,علي عبدالله,Ali Abdallah,SYN391543002043,LOW,CLEAR,ACTIVE,2026-07-15,OPENED,False,,,NOT_REQUIRED
CUST100263,عبدالله يوسف,Abdullah Youssef,SYN953780948841,LOW,CLEAR,ACTIVE,2026-02-06,OPENED,False,,,NOT_REQUIRED
CUST100264,عبدالرحمن حسين,Abdelrahman Hussein,SYN619174862647,LOW,CLEAR,ACTIVE,2026-05-19,OPENED,False,,,NOT_REQUIRED
CUST100265,دينا أحمد,Dina Ahmed,SYN825571868900,LOW,CLEAR,ACTIVE,2026-02-16,OPENED,False,,,NOT_REQUIRED
CUST100266,نور أحمد,Nour Ahmed,SYN253307074292,MEDIUM,CLEAR,ACTIVE,2026-03-11,OPENED,False,,,NOT_REQUIRED
CUST100267,سارة محمد,Sara Mohamed,SYN980770729510,LOW,CLEAR,ACTIVE,2026-04-11,OPENED,False,,,NOT_REQUIRED
CUST100268,كريم مراد,Karim Mourad,SYN548775592188,MEDIUM,NO_MATCH,ACTIVE,2026-03-17,OPENED,False,,,NOT_REQUIRED
CUST100269,دينا أحمد,Dina Ahmed,SYN544304868643,MEDIUM,CLEAR,ACTIVE,2026-07-03,OPENED,False,,,NOT_REQUIRED
CUST100270,علي محمد,Ali Mohamed,SYN973796255691,LOW,NO_MATCH,DORMANT,2026-07-24,OPENED,False,,,PENDING
CUST100271,محمد علي,Mohamed Ali,SYN442659125095,LOW,HIGH_RISK,ACTIVE,2026-04-16,OPENED,False,,,NOT_REQUIRED
CUST100272,عمر كمال,Omar Kamal,SYN457772522099,MEDIUM,CLEAR,ACTIVE,2026-04-21,OPENED,False,,,NOT_REQUIRED
CUST100273,عبدالرحمن فؤاد,Abdelrahman Fouad,SYN626277432524,MEDIUM,CLEAR,ACTIVE,2026-01-12,OPENED,False,,,NOT_REQUIRED
CUST100274,نور عمر,Nour Omar,SYN215247349493,MEDIUM,CLEAR,ACTIVE,2026-02-19,OPENED,False,,,NOT_REQUIRED
CUST100275,منى فؤاد,Mona Fouad,SYN388977063770,LOW,CLEAR,ACTIVE,2026-01-09,PENDING,False,,,NOT_REQUIRED
CUST100276,منى منصور,Mona Mansour,SYN273887490200,LOW,CLEAR,ACTIVE,2026-06-29,OPENED,False,,,NOT_REQUIRED
CUST100277,ياسمين عمر,Yasmine Omar,SYN192955131196,LOW,CLEAR,ACTIVE,2026-02-17,OPENED,False,,,NOT_REQUIRED
CUST100278,أحمد أحمد,Ahmed Ahmed,SYN879530145697,MEDIUM,CLEAR,ACTIVE,2026-03-13,OPENED,False,,,NOT_REQUIRED
CUST100279,أحمد يوسف,Ahmed Youssef,SYN630398049514,LOW,CLEAR,ACTIVE,2026-06-26,OPENED,False,,,NOT_REQUIRED
CUST100280,علي عمر,Ali Omar,SYN422805512375,LOW,CLEAR,ACTIVE,2026-05-30,OPENED,False,,,NOT_REQUIRED
CUST100281,منى عمر,Mona Omar,SYN467802439630,LOW,CLEAR,ACTIVE,2026-05-11,OPENED,False,,,NOT_REQUIRED
CUST100282,مصطفى محمد,Mostafa Mohamed,SYN488367103318,LOW,CLEAR,ACTIVE,2026-01-09,OPENED,False,,,NOT_REQUIRED
CUST100283,منى يوسف,Mona Youssef,SYN669834263930,LOW,CLEAR,ACTIVE,2026-04-29,OPENED,False,,,NOT_REQUIRED
CUST100284,نور محمد,Nour Mohamed,SYN934092452340,LOW,CLEAR,ACTIVE,2026-04-28,OPENED,False,,,NOT_REQUIRED
CUST100285,عبدالله أحمد,Abdullah Ahmed,SYN939501657691,LOW,CLEAR,ACTIVE,2026-03-08,OPENED,False,,,NOT_REQUIRED
CUST100286,عمر كمال,Omar Kamal,SYN452342781577,MEDIUM,CLEAR,ACTIVE,2026-06-06,OPENED,False,,,NOT_REQUIRED
CUST100287,دينا حسين,Dina Hussein,SYN396336213637,MEDIUM,CLEAR,ACTIVE,2026-07-15,OPENED,False,,,NOT_REQUIRED
CUST100288,هبة علي,Heba Ali,SYN505941850166,LOW,CLEAR,DORMANT,2026-02-24,OPENED,False,,,PENDING
CUST100289,منى منصور,Mona Mansour,SYN611140807385,LOW,CLEAR,ACTIVE,2026-03-11,OPENED,False,,,NOT_REQUIRED
CUST100290,آية حسين,Aya Hussein,SYN515636120304,HIGH,CLEAR,ACTIVE,2026-03-09,REVIEW,False,,,NOT_REQUIRED
CUST100291,علي يوسف,Ali Youssef,SYN692878068835,LOW,CLEAR,ACTIVE,2026-06-25,OPENED,False,,,NOT_REQUIRED
CUST100292,عبدالرحمن عبدالله,Abdelrahman Abdallah,SYN598959121041,LOW,CLEAR,ACTIVE,2026-01-17,OPENED,False,,,NOT_REQUIRED
CUST100293,سارة أحمد,Sara Ahmed,SYN388643992024,LOW,CLEAR,ACTIVE,2026-07-08,OPENED,False,,,NOT_REQUIRED
CUST100294,هبة مراد,Heba Mourad,SYN411157725186,LOW,CLEAR,ACTIVE,2026-06-12,OPENED,False,,,NOT_REQUIRED
CUST100295,هبة إبراهيم,Heba Ibrahim,SYN440733508803,LOW,NO_MATCH,ACTIVE,2026-04-12,OPENED,False,,,NOT_REQUIRED
CUST100296,آية حسين,Aya Hussein,SYN185175791424,MEDIUM,CLEAR,ACTIVE,2026-05-03,OPENED,False,,,NOT_REQUIRED
CUST100297,نور فؤاد,Nour Fouad,SYN249456369172,LOW,CLEAR,ACTIVE,2026-07-07,OPENED,False,,,NOT_REQUIRED
CUST100298,علي إبراهيم,Ali Ibrahim,SYN750802421930,LOW,CLEAR,ACTIVE,2026-06-11,OPENED,False,,,NOT_REQUIRED
CUST100299,محمد أحمد,Mohamed Ahmed,SYN450187040369,MEDIUM,CLEAR,ACTIVE,2026-02-28,OPENED,False,,,NOT_REQUIRED
CUST100300,مريم عمر,Mariam Omar,SYN293085075304,HIGH,NO_MATCH,ACTIVE,2026-01-11,REVIEW,False,,,NOT_REQUIRED
CUST100301,آية عبدالله,Aya Abdallah,SYN606405169517,MEDIUM,CLEAR,ACTIVE,2026-05-19,OPENED,False,,,NOT_REQUIRED
CUST100302,محمد فؤاد,Mohamed Fouad,SYN779985588226,LOW,CLEAR,DORMANT,2026-01-31,OPENED,False,,,PENDING
CUST100303,إسراء كمال,Esraa Kamal,SYN331680126110,LOW,NO_MATCH,ACTIVE,2026-01-19,OPENED,False,,,NOT_REQUIRED
CUST100304,هبة منصور,Heba Mansour,SYN844110893731,LOW,CLEAR,ACTIVE,2026-07-26,OPENED,False,,,NOT_REQUIRED
CUST100305,محمود فؤاد,Mahmoud Fouad,SYN934754373662,LOW,CLEAR,ACTIVE,2026-04-10,OPENED,False,,,NOT_REQUIRED
CUST100306,سارة حسين,Sara Hussein,SYN637655076166,LOW,CLEAR,ACTIVE,2026-05-17,OPENED,False,,,NOT_REQUIRED
CUST100307,دينا حسين,Dina Hussein,SYN702052893092,LOW,CLEAR,ACTIVE,2026-02-15,OPENED,False,,,NOT_REQUIRED
CUST100308,سارة عبدالله,Sara Abdallah,SYN147318391290,LOW,CLEAR,DORMANT,2026-01-22,PENDING,False,,,COMPLETED
CUST100309,محمود يوسف,Mahmoud Youssef,SYN950967901919,MEDIUM,CLEAR,ACTIVE,2026-01-14,OPENED,False,,,NOT_REQUIRED
CUST100310,مصطفى إبراهيم,Mostafa Ibrahim,SYN453236260838,HIGH,NO_MATCH,ACTIVE,2026-03-16,REVIEW,False,,,NOT_REQUIRED
CUST100311,مصطفى محمد,Mostafa Mohamed,SYN931510360490,LOW,NO_MATCH,ACTIVE,2026-01-01,PENDING,False,,,NOT_REQUIRED
CUST100312,محمود عمر,Mahmoud Omar,SYN621079772275,LOW,CLEAR,ACTIVE,2026-03-30,OPENED,False,,,NOT_REQUIRED
CUST100313,علي يوسف,Ali Youssef,SYN104156918958,LOW,CLEAR,ACTIVE,2026-03-10,OPENED,False,,,NOT_REQUIRED
CUST100314,يوسف كمال,Youssef Kamal,SYN134687799391,LOW,CLEAR,ACTIVE,2026-04-21,OPENED,False,,,NOT_REQUIRED
CUST100315,مصطفى محمود,Mostafa Mahmoud,SYN712376925102,LOW,CLEAR,ACTIVE,2026-05-04,OPENED,False,,,NOT_REQUIRED
CUST100316,خالد فؤاد,Khaled Fouad,SYN606401212448,LOW,CLEAR,DORMANT,2026-03-06,OPENED,False,,,PENDING
CUST100317,خالد سالم,Khaled Salem,SYN123879193485,MEDIUM,CLEAR,ACTIVE,2026-04-06,OPENED,False,,,NOT_REQUIRED
CUST100318,عبدالله عبدالله,Abdullah Abdallah,SYN769113965100,LOW,CLEAR,ACTIVE,2026-01-17,OPENED,False,,,NOT_REQUIRED
CUST100319,ياسمين محمد,Yasmine Mohamed,SYN866930803362,MEDIUM,CLEAR,ACTIVE,2026-03-05,OPENED,False,,,NOT_REQUIRED
CUST100320,سارة علي,Sara Ali,SYN546775734195,LOW,CLEAR,ACTIVE,2026-07-25,OPENED,False,,,NOT_REQUIRED
CUST100321,محمود محمود,Mahmoud Mahmoud,SYN519181696321,LOW,CLEAR,ACTIVE,2026-07-28,OPENED,False,,,NOT_REQUIRED
CUST100322,كريم سالم,Karim Salem,SYN104925797951,LOW,CLEAR,ACTIVE,2026-04-13,OPENED,False,,,NOT_REQUIRED
CUST100323,عبدالله كمال,Abdullah Kamal,SYN807984741244,LOW,CLEAR,ACTIVE,2026-07-17,OPENED,False,,,NOT_REQUIRED
CUST100324,عبدالرحمن يوسف,Abdelrahman Youssef,SYN397644460071,LOW,CLEAR,ACTIVE,2026-04-16,OPENED,False,,,NOT_REQUIRED
CUST100325,يوسف حسن,Youssef Hassan,SYN890887257804,HIGH,PENDING,ACTIVE,2026-01-27,REVIEW,False,,,NOT_REQUIRED
CUST100326,يوسف فؤاد,Youssef Fouad,SYN435754528802,LOW,CLEAR,ACTIVE,2026-07-02,OPENED,False,,,NOT_REQUIRED
CUST100327,محمد علي,Mohamed Ali,SYN608570119567,LOW,PENDING,ACTIVE,2026-03-29,OPENED,False,,,NOT_REQUIRED
CUST100328,محمود فؤاد,Mahmoud Fouad,SYN343307609379,LOW,CLEAR,ACTIVE,2026-05-09,OPENED,False,,,NOT_REQUIRED
CUST100329,دينا محمد,Dina Mohamed,SYN244529481326,LOW,CLEAR,DORMANT,2026-05-17,OPENED,False,,,PENDING
CUST100330,هبة عبدالله,Heba Abdallah,SYN797417113043,LOW,NO_MATCH,ACTIVE,2026-03-06,OPENED,False,,,NOT_REQUIRED
CUST100331,مريم فؤاد,Mariam Fouad,SYN546931430961,LOW,CLEAR,DORMANT,2026-06-04,OPENED,False,,,PENDING
CUST100332,سارة عبدالله,Sara Abdallah,SYN582839131377,MEDIUM,CLEAR,ACTIVE,2026-04-16,OPENED,False,,,NOT_REQUIRED
CUST100333,,Aya Youssef,SYN968874358133,LOW,CLEAR,ACTIVE,2026-03-18,OPENED,False,,,NOT_REQUIRED
CUST100334,منى سالم,Mona Salem,SYN967221920999,LOW,CLEAR,ACTIVE,2026-03-04,OPENED,False,,,NOT_REQUIRED
CUST100335,آية مراد,Aya Mourad,SYN870077909532,LOW,CLEAR,ACTIVE,2026-06-06,OPENED,False,,,NOT_REQUIRED
CUST100336,عبدالرحمن منصور,Abdelrahman Mansour,SYN268848363488,MEDIUM,CLEAR,ACTIVE,2026-02-22,OPENED,False,,,NOT_REQUIRED
CUST100337,سارة محمود,Sara Mahmoud,SYN634845424871,LOW,HIGH_RISK,ACTIVE,2026-01-27,REVIEW,False,,,NOT_REQUIRED
CUST100338,يوسف عمر,Youssef Omar,SYN890332682189,LOW,CLEAR,ACTIVE,2026-07-05,OPENED,False,,,NOT_REQUIRED
CUST100339,عبدالرحمن عبدالله,Abdelrahman Abdallah,SYN437017542804,LOW,CLEAR,ACTIVE,2026-03-11,OPENED,False,,,NOT_REQUIRED
CUST100340,كريم سالم,Karim Salem,SYN190995549342,LOW,CLEAR,ACTIVE,2026-05-15,OPENED,False,,,NOT_REQUIRED
CUST100341,علي حسن,Ali Hassan,SYN829866612015,LOW,CLEAR,ACTIVE,2026-05-31,OPENED,False,,,NOT_REQUIRED
CUST100342,كريم علي,Karim Ali,SYN533587196225,MEDIUM,CLEAR,ACTIVE,2026-06-26,OPENED,False,,,NOT_REQUIRED
CUST100343,هبة سالم,Heba Salem,SYN607953412323,LOW,CLEAR,ACTIVE,2026-05-12,OPENED,False,,,NOT_REQUIRED
CUST100344,عبدالله حسن,Abdullah Hassan,SYN983929866686,MEDIUM,CLEAR,ACTIVE,2026-05-29,OPENED,False,,,NOT_REQUIRED
CUST100345,علي مراد,Ali Mourad,SYN646490287444,LOW,CLEAR,DORMANT,2026-06-25,OPENED,False,,,PENDING
CUST100346,عبدالرحمن يوسف,Abdelrahman Youssef,SYN482481447099,MEDIUM,CLEAR,ACTIVE,2026-07-18,OPENED,False,,,NOT_REQUIRED
CUST100347,عبدالله فؤاد,Abdullah Fouad,SYN432985931062,MEDIUM,CLEAR,ACTIVE,2026-01-10,OPENED,False,,,NOT_REQUIRED
CUST100348,عمر عمر,Omar Omar,SYN475857363388,LOW,CLEAR,ACTIVE,2026-06-06,OPENED,False,,,NOT_REQUIRED
CUST100349,عمر سالم,Omar Salem,SYN206559174860,LOW,CLEAR,ACTIVE,2026-02-06,OPENED,False,,,NOT_REQUIRED
CUST100350,هبة أحمد,Heba Ahmed,SYN815275502575,LOW,CLEAR,ACTIVE,2026-07-07,OPENED,False,,,NOT_REQUIRED
CUST100351,محمد محمد,Mohamed Mohamed,SYN853945172368,MEDIUM,CLEAR,DORMANT,2026-01-11,OPENED,False,,,PENDING
CUST100352,علي إبراهيم,Ali Ibrahim,SYN355957421116,LOW,CLEAR,ACTIVE,2026-02-21,PENDING,False,,,NOT_REQUIRED
CUST100353,نور كمال,Nour Kamal,SYN373416956568,LOW,CLEAR,ACTIVE,2026-02-10,OPENED,False,,,NOT_REQUIRED
CUST100354,عبدالرحمن حسين,Abdelrahman Hussein,SYN886900830701,LOW,CLEAR,ACTIVE,2026-05-07,PENDING,False,,,NOT_REQUIRED
CUST100355,عبدالرحمن إبراهيم,Abdelrahman Ibrahim,SYN121573319975,MEDIUM,CLEAR,ACTIVE,2026-01-01,OPENED,False,,,NOT_REQUIRED
CUST100356,عمر محمد,Omar Mohamed,SYN568411699390,LOW,CLEAR,DORMANT,2026-01-04,OPENED,False,,,PENDING
CUST100357,إسراء حسن,Esraa Hassan,SYN517308143213,LOW,CLEAR,ACTIVE,2026-04-16,OPENED,False,,,NOT_REQUIRED
CUST100358,أحمد علي,Ahmed Ali,SYN721114092620,HIGH,CLEAR,ACTIVE,2026-07-24,REVIEW,False,,,NOT_REQUIRED
CUST100359,خالد محمد,Khaled Mohamed,SYN247052530134,LOW,CLEAR,ACTIVE,2026-04-21,OPENED,False,,,NOT_REQUIRED
CUST100360,آية علي,Aya Ali,SYN701497666715,MEDIUM,CLEAR,ACTIVE,2026-04-04,OPENED,False,,,NOT_REQUIRED
CUST100361,إسراء علي,Esraa Ali,SYN439060607087,LOW,CLEAR,ACTIVE,2026-05-19,PENDING,False,,,NOT_REQUIRED
CUST100362,يوسف محمد,Youssef Mohamed,SYN656843300352,LOW,CLEAR,ACTIVE,2026-04-26,OPENED,False,,,NOT_REQUIRED
CUST100363,إسراء حسين,Esraa Hussein,SYN136085508885,MEDIUM,CLEAR,DORMANT,2026-03-22,OPENED,False,,,PENDING
CUST100364,محمود سالم,Mahmoud Salem,SYN515554477466,LOW,CLEAR,ACTIVE,2026-05-04,OPENED,False,,,NOT_REQUIRED
CUST100365,هبة أحمد,Heba Ahmed,SYN570025804584,LOW,CLEAR,ACTIVE,2026-01-01,OPENED,False,,,NOT_REQUIRED
CUST100366,منى محمود,Mona Mahmoud,SYN292893762569,LOW,CLEAR,ACTIVE,2026-02-21,OPENED,False,,,NOT_REQUIRED
CUST100367,سارة عبدالله,Sara Abdallah,SYN225661288761,LOW,CLEAR,ACTIVE,2026-05-22,OPENED,False,,,NOT_REQUIRED
CUST100368,محمد مراد,Mohamed Mourad,SYN269626872711,LOW,CLEAR,ACTIVE,2026-03-13,OPENED,False,,,NOT_REQUIRED
CUST100369,ياسمين منصور,Yasmine Mansour,SYN409726970257,LOW,CLEAR,ACTIVE,2026-01-12,OPENED,False,,,NOT_REQUIRED
CUST100370,سارة كمال,Sara Kamal,SYN187129134374,LOW,HIGH_RISK,ACTIVE,2026-01-27,REVIEW,False,,,NOT_REQUIRED
CUST100371,مصطفى محمد,Mostafa Mohamed,SYN952587816156,LOW,CLEAR,ACTIVE,2026-07-01,OPENED,False,,,NOT_REQUIRED
CUST100372,نور عبدالله,Nour Abdallah,SYN464494655346,LOW,PENDING,ACTIVE,2026-03-11,OPENED,False,,,NOT_REQUIRED
CUST100373,مريم عبدالله,Mariam Abdallah,SYN828072642256,LOW,CLEAR,ACTIVE,2026-01-05,OPENED,False,,,NOT_REQUIRED
CUST100374,إسراء كمال,Esraa Kamal,SYN976975410797,LOW,CLEAR,ACTIVE,2026-06-03,OPENED,False,,,NOT_REQUIRED
CUST100375,أحمد مراد,Ahmed Mourad,SYN172661752002,LOW,CLEAR,ACTIVE,2026-04-22,OPENED,False,,,NOT_REQUIRED
CUST100376,خالد مراد,Khaled Mourad,SYN686502521141,MEDIUM,CLEAR,ACTIVE,2026-04-05,OPENED,False,,,NOT_REQUIRED
CUST100377,خالد عمر,Khaled Omar,SYN884268178067,LOW,NO_MATCH,ACTIVE,2026-07-07,OPENED,False,,,NOT_REQUIRED
CUST100378,مريم إبراهيم,Mariam Ibrahim,SYN670810990570,LOW,CLEAR,ACTIVE,2026-03-07,OPENED,False,,,NOT_REQUIRED
CUST100379,علي سالم,Ali Salem,SYN486123509221,LOW,NO_MATCH,ACTIVE,2026-05-01,OPENED,False,,,NOT_REQUIRED
CUST100380,محمد مراد,Mohamed Mourad,SYN487968721874,MEDIUM,CLEAR,ACTIVE,2026-06-06,OPENED,False,,,NOT_REQUIRED
CUST100381,عبدالله محمود,Abdullah Mahmoud,SYN132308997406,LOW,PENDING,ACTIVE,2026-05-08,OPENED,False,,,NOT_REQUIRED
CUST100382,عبدالله محمد,Abdullah Mohamed,SYN581140676160,LOW,NO_MATCH,ACTIVE,2026-02-13,OPENED,False,,,NOT_REQUIRED
CUST100383,يوسف كمال,Youssef Kamal,SYN994188697108,LOW,CLEAR,ACTIVE,2026-05-24,OPENED,False,,,NOT_REQUIRED
CUST100384,محمد محمد,Mohamed Mohamed,SYN962836773374,LOW,CLEAR,ACTIVE,2026-06-06,OPENED,False,,,NOT_REQUIRED
CUST100385,محمود حسين,Mahmoud Hussein,SYN136359305957,MEDIUM,CLEAR,DORMANT,2026-01-26,PENDING,False,,,COMPLETED
CUST100386,أحمد سالم,Ahmed Salem,SYN735217303266,HIGH,CLEAR,ACTIVE,2026-02-04,REVIEW,False,,,NOT_REQUIRED
CUST100387,آية محمود,Aya Mahmoud,SYN371588380027,LOW,NO_MATCH,ACTIVE,2026-05-22,OPENED,False,,,NOT_REQUIRED
CUST100388,إسراء كمال,Esraa Kamal,SYN912690238065,MEDIUM,CLEAR,ACTIVE,2026-01-25,OPENED,False,,,NOT_REQUIRED
CUST100389,عمر كمال,Omar Kamal,SYN140603271138,LOW,HIGH_RISK,ACTIVE,2026-07-04,OPENED,False,,,NOT_REQUIRED
CUST100390,خالد محمود,Khaled Mahmoud,SYN942286691809,LOW,CLEAR,ACTIVE,2026-01-24,OPENED,False,,,NOT_REQUIRED
CUST100391,عمر إبراهيم,Omar Ibrahim,SYN853728169408,MEDIUM,CLEAR,ACTIVE,2026-07-24,OPENED,False,,,NOT_REQUIRED
CUST100392,مريم مراد,Mariam Mourad,SYN205753944027,LOW,NO_MATCH,ACTIVE,2026-05-22,OPENED,False,,,NOT_REQUIRED
CUST100393,دينا عمر,Dina Omar,SYN153841903585,LOW,CLEAR,ACTIVE,2026-04-04,OPENED,False,,,NOT_REQUIRED
CUST100394,خالد حسين,Khaled Hussein,SYN851236897894,LOW,CLEAR,ACTIVE,2026-02-26,PENDING,False,,,NOT_REQUIRED
CUST100395,إسراء سالم,Esraa Salem,SYN240181903877,HIGH,NO_MATCH,ACTIVE,2026-03-14,REVIEW,False,,,NOT_REQUIRED
CUST100396,محمد منصور,Mohamed Mansour,SYN581408337678,LOW,CLEAR,ACTIVE,2026-06-07,OPENED,False,,,NOT_REQUIRED
CUST100397,عمر منصور,Omar Mansour,SYN924170372090,LOW,CLEAR,ACTIVE,2026-06-08,OPENED,False,,,NOT_REQUIRED
CUST100398,علي أحمد,Ali Ahmed,SYN610703302194,LOW,CLEAR,ACTIVE,2026-02-13,OPENED,False,,,NOT_REQUIRED
CUST100399,سارة محمود,Sara Mahmoud,SYN457509971325,LOW,CLEAR,ACTIVE,2026-04-25,PENDING,False,,,NOT_REQUIRED
CUST100400,عبدالرحمن يوسف,Abdelrahman Youssef,SYN500514449368,LOW,CLEAR,ACTIVE,2026-07-28,OPENED,False,,,NOT_REQUIRED
CUST100401,ياسمين حسين,Yasmine Hussein,SYN156805453633,MEDIUM,CLEAR,ACTIVE,2026-02-24,PENDING,False,,,NOT_REQUIRED
CUST100402,Sara Mahmoud,Sara Mahmoud,SYN971877089225,MEDIUM,CLEAR,ACTIVE,2026-05-26,OPENED,False,,,NOT_REQUIRED
CUST100403,عبدالرحمن محمود,Abdelrahman Mahmoud,SYN379588766572,MEDIUM,NO_MATCH,ACTIVE,2026-02-06,OPENED,False,,,NOT_REQUIRED
CUST100404,منى حسن,Mona Hassan,SYN270427142505,MEDIUM,PENDING,ACTIVE,2026-06-25,OPENED,False,,,NOT_REQUIRED
CUST100405,هبة حسن,Heba Hassan,SYN357442571656,LOW,CLEAR,ACTIVE,2026-02-05,OPENED,False,,,NOT_REQUIRED
CUST100406,نور محمد,Nour Mohamed,SYN967935875402,LOW,CLEAR,DORMANT,2026-03-04,OPENED,False,,,PENDING
CUST100407,محمود كمال,Mahmoud Kamal,SYN184857448139,LOW,CLEAR,ACTIVE,2026-04-07,OPENED,False,,,NOT_REQUIRED
CUST100408,عبدالله أحمد,Abdullah Ahmed,SYN880572736451,LOW,CLEAR,ACTIVE,2026-03-19,OPENED,False,,,NOT_REQUIRED
CUST100409,محمد محمود,Mohamed Mahmoud,SYN737059504961,MEDIUM,CLEAR,ACTIVE,2026-02-05,OPENED,False,,,NOT_REQUIRED
CUST100410,عمر أحمد,Omar Ahmed,SYN847017261243,LOW,CLEAR,ACTIVE,2026-05-15,OPENED,False,,,NOT_REQUIRED
CUST100411,يوسف سالم,Youssef Salem,SYN978307786331,HIGH,CLEAR,ACTIVE,2026-01-05,REVIEW,False,,,NOT_REQUIRED
CUST100412,علي حسين,Ali Hussein,SYN857939189965,LOW,CLEAR,ACTIVE,2026-07-26,OPENED,False,,,NOT_REQUIRED
CUST100413,محمود عمر,Mahmoud Omar,SYN949044116150,LOW,CLEAR,ACTIVE,2026-01-11,OPENED,False,,,NOT_REQUIRED
CUST100414,محمد سالم,Mohamed Salem,SYN214241731111,LOW,CLEAR,ACTIVE,2026-03-12,OPENED,False,,,NOT_REQUIRED
CUST100415,مصطفى عمر,Mostafa Omar,SYN816209708650,LOW,CLEAR,ACTIVE,2026-07-15,OPENED,False,,,NOT_REQUIRED
CUST100416,عبدالرحمن منصور,Abdelrahman Mansour,SYN591108124672,LOW,CLEAR,ACTIVE,2026-02-02,OPENED,False,,,NOT_REQUIRED
CUST100417,محمود عبدالله,Mahmoud Abdallah,SYN589146035571,LOW,CLEAR,ACTIVE,2026-01-16,OPENED,False,,,NOT_REQUIRED
CUST100418,علي يوسف,Ali Youssef,SYN909029418688,LOW,CLEAR,ACTIVE,2026-06-06,OPENED,False,,,NOT_REQUIRED
CUST100419,هبة إبراهيم,Heba Ibrahim,SYN974623436782,MEDIUM,PENDING,ACTIVE,2026-01-16,OPENED,False,,,NOT_REQUIRED
CUST100420,عبدالله مراد,Abdullah Mourad,SYN734354490738,LOW,PENDING,ACTIVE,2026-07-08,OPENED,False,,,NOT_REQUIRED
CUST100421,مصطفى مراد,Mostafa Mourad,SYN534644550524,LOW,CLEAR,ACTIVE,2026-04-05,PENDING,False,,,NOT_REQUIRED
CUST100422,ياسمين سالم,Yasmine Salem,SYN510763472111,MEDIUM,CLEAR,ACTIVE,2026-07-02,OPENED,False,,,NOT_REQUIRED
CUST100423,دينا فؤاد,Dina Fouad,SYN447707311500,LOW,CLEAR,ACTIVE,2026-02-21,OPENED,False,,,NOT_REQUIRED
CUST100424,نور حسين,Nour Hussein,SYN425439126615,MEDIUM,CLEAR,ACTIVE,2026-01-30,OPENED,False,,,NOT_REQUIRED
CUST100425,عمر يوسف,Omar Youssef,SYN452356157515,MEDIUM,CLEAR,ACTIVE,2026-07-22,OPENED,False,,,NOT_REQUIRED
CUST100426,إسراء فؤاد,Esraa Fouad,SYN180777911726,LOW,CLEAR,ACTIVE,2026-06-10,OPENED,False,,,NOT_REQUIRED
CUST100427,آية كمال,Aya Kamal,SYN169692476734,LOW,PENDING,ACTIVE,2026-07-11,OPENED,False,,,NOT_REQUIRED
CUST100428,محمد محمود,Mohamed Mahmoud,SYN801882859485,LOW,NO_MATCH,ACTIVE,2026-03-09,OPENED,False,,,NOT_REQUIRED
CUST100429,خالد عمر,Khaled Omar,SYN501465603628,MEDIUM,CLEAR,ACTIVE,2026-03-26,PENDING,False,,,NOT_REQUIRED
CUST100430,أحمد إبراهيم,Ahmed Ibrahim,SYN937616039690,MEDIUM,CLEAR,ACTIVE,2026-05-02,OPENED,False,,,NOT_REQUIRED
CUST100431,خالد حسن,Khaled Hassan,SYN650998907734,LOW,CLEAR,ACTIVE,2026-04-05,OPENED,False,,,NOT_REQUIRED
CUST100432,آية حسن,Aya Hassan,SYN131658383965,LOW,NO_MATCH,ACTIVE,2026-02-20,OPENED,False,,,NOT_REQUIRED
CUST100433,محمود سالم,Mahmoud Salem,SYN241771007185,LOW,CLEAR,ACTIVE,2026-03-20,OPENED,False,,,NOT_REQUIRED
CUST100434,نور محمود,Nour Mahmoud,SYN285237813711,LOW,CLEAR,ACTIVE,2026-05-08,OPENED,False,,,NOT_REQUIRED
CUST100435,محمود علي,Mahmoud Ali,SYN978162421950,HIGH,CLEAR,ACTIVE,2026-01-08,REVIEW,False,,,NOT_REQUIRED
CUST100436,دينا عبدالله,Dina Abdallah,SYN296833803536,LOW,CLEAR,ACTIVE,2026-03-12,OPENED,False,,,NOT_REQUIRED
CUST100437,عبدالله منصور,Abdullah Mansour,SYN564180108659,LOW,CLEAR,ACTIVE,2026-03-03,OPENED,False,,,NOT_REQUIRED
CUST100438,أحمد محمود,Ahmed Mahmoud,SYN942559238476,LOW,CLEAR,ACTIVE,2026-01-15,OPENED,False,,,NOT_REQUIRED
CUST100439,مريم مراد,Mariam Mourad,SYN979473456922,MEDIUM,CLEAR,ACTIVE,2026-01-26,OPENED,False,,,NOT_REQUIRED
CUST100440,عبدالرحمن عمر,Abdelrahman Omar,SYN312724391845,HIGH,CLEAR,ACTIVE,2026-04-15,REVIEW,False,,,NOT_REQUIRED
CUST100441,سارة إبراهيم,Sara Ibrahim,SYN144205879375,LOW,CLEAR,ACTIVE,2026-01-22,OPENED,False,,,NOT_REQUIRED
CUST100442,محمود مراد,Mahmoud Mourad,SYN238241649283,LOW,CLEAR,ACTIVE,2026-03-14,OPENED,False,,,NOT_REQUIRED
CUST100443,منى عبدالله,Mona Abdallah,SYN156995630832,LOW,CLEAR,DORMANT,2026-04-28,OPENED,False,,,PENDING
CUST100444,هبة حسن,Heba Hassan,SYN275611816983,LOW,PENDING,ACTIVE,2026-07-03,PENDING,False,,,NOT_REQUIRED
CUST100445,مصطفى أحمد,Mostafa Ahmed,SYN611712743233,LOW,CLEAR,ACTIVE,2026-01-21,OPENED,False,,,NOT_REQUIRED
CUST100446,سارة مراد,Sara Mourad,SYN921203916666,LOW,CLEAR,ACTIVE,2026-04-02,PENDING,False,,,NOT_REQUIRED
CUST100447,عبدالرحمن مراد,Abdelrahman Mourad,SYN583496995324,LOW,CLEAR,ACTIVE,2026-01-22,OPENED,False,,,NOT_REQUIRED
CUST100448,هبة عمر,Heba Omar,SYN663390601029,LOW,CLEAR,ACTIVE,2026-04-01,OPENED,False,,,NOT_REQUIRED
CUST100449,علي علي,Ali Ali,SYN281680526448,LOW,CLEAR,ACTIVE,2026-04-11,OPENED,False,,,NOT_REQUIRED
CUST100450,عبدالرحمن محمود,Abdelrahman Mahmoud,SYN820525258606,LOW,CLEAR,ACTIVE,2026-06-17,OPENED,False,,,NOT_REQUIRED
CUST100451,عبدالله أحمد,Abdullah Ahmed,SYN656010017655,MEDIUM,CLEAR,DORMANT,2026-04-03,OPENED,False,,,PENDING
CUST100452,منى أحمد,Mona Ahmed,SYN877723146273,LOW,CLEAR,ACTIVE,2026-07-16,OPENED,False,,,NOT_REQUIRED
CUST100453,محمد حسين,Mohamed Hussein,SYN953958796305,MEDIUM,CLEAR,ACTIVE,2026-01-29,PENDING,False,,,NOT_REQUIRED
CUST100454,دينا سالم,Dina Salem,SYN413110698180,LOW,NO_MATCH,ACTIVE,2026-01-12,OPENED,False,,,NOT_REQUIRED
CUST100455,دينا أحمد,Dina Ahmed,SYN181521152681,LOW,CLEAR,ACTIVE,2026-01-01,OPENED,False,,,NOT_REQUIRED
CUST100456,محمود مراد,Mahmoud Mourad,SYN303336062125,LOW,NO_MATCH,ACTIVE,2026-03-16,OPENED,False,,,NOT_REQUIRED
CUST100457,كريم عبدالله,Karim Abdallah,SYN494057409108,LOW,HIGH_RISK,ACTIVE,2026-02-10,PENDING,False,,,NOT_REQUIRED
CUST100458,آية حسين,Aya Hussein,SYN951124286642,LOW,CLEAR,ACTIVE,2026-01-20,OPENED,False,,,NOT_REQUIRED
CUST100459,محمود إبراهيم,Mahmoud Ibrahim,SYN440478840136,LOW,CLEAR,ACTIVE,2026-02-19,OPENED,False,,,NOT_REQUIRED
CUST100460,خالد عمر,Khaled Omar,SYN793695892298,MEDIUM,CLEAR,ACTIVE,2026-07-24,PENDING,False,,,NOT_REQUIRED
CUST100461,محمود محمود,Mahmoud Mahmoud,SYN586429022953,LOW,CLEAR,ACTIVE,2026-06-18,OPENED,False,,,NOT_REQUIRED
CUST100462,خالد أحمد,Khaled Ahmed,SYN264527893387,LOW,CLEAR,ACTIVE,2026-01-04,OPENED,False,,,NOT_REQUIRED
CUST100463,نور أحمد,Nour Ahmed,SYN388660707058,LOW,CLEAR,DORMANT,2026-07-12,OPENED,False,,,PENDING
CUST100464,محمد يوسف,Mohamed Youssef,SYN687872696520,LOW,CLEAR,ACTIVE,2026-02-13,OPENED,False,,,NOT_REQUIRED
CUST100465,عبدالرحمن علي,Abdelrahman Ali,SYN705568055216,MEDIUM,CLEAR,ACTIVE,2026-03-27,OPENED,False,,,NOT_REQUIRED
CUST100466,عمر منصور,Omar Mansour,SYN491283772128,MEDIUM,CLEAR,ACTIVE,2026-03-10,OPENED,False,,,NOT_REQUIRED
CUST100467,دينا محمد,Dina Mohamed,SYN305781042395,LOW,PENDING,ACTIVE,2026-03-27,OPENED,False,,,NOT_REQUIRED
CUST100468,عمر عمر,Omar Omar,SYN749716101561,LOW,CLEAR,DORMANT,2026-06-09,OPENED,False,,,PENDING
CUST100469,عبدالله أحمد,Abdullah Ahmed,SYN251985737451,LOW,NO_MATCH,ACTIVE,2026-05-30,OPENED,False,,,NOT_REQUIRED
CUST100470,خالد كمال,Khaled Kamal,SYN943002722678,LOW,CLEAR,ACTIVE,2026-05-05,OPENED,False,,,NOT_REQUIRED
CUST100471,آية فؤاد,Aya Fouad,SYN269113221132,MEDIUM,CLEAR,ACTIVE,2026-05-12,PENDING,False,,,NOT_REQUIRED
CUST100472,نور عبدالله,Nour Abdallah,SYN196581126549,MEDIUM,CLEAR,ACTIVE,2026-06-02,OPENED,False,,,NOT_REQUIRED
CUST100473,منى حسين,Mona Hussein,SYN547882932128,LOW,CLEAR,ACTIVE,2026-02-08,OPENED,False,,,NOT_REQUIRED
CUST100474,كريم مراد,Karim Mourad,SYN567594638298,LOW,CLEAR,ACTIVE,2026-03-25,OPENED,False,,,NOT_REQUIRED
CUST100475,ياسمين محمود,Yasmine Mahmoud,SYN557373623300,LOW,CLEAR,ACTIVE,2026-01-23,OPENED,False,,,NOT_REQUIRED
CUST100476,آية إبراهيم,Aya Ibrahim,SYN493000740404,LOW,CLEAR,ACTIVE,2026-05-28,OPENED,False,,,NOT_REQUIRED
CUST100477,محمد محمد,Mohamed Mohamed,SYN995333403546,LOW,NO_MATCH,ACTIVE,2026-04-02,OPENED,False,,,NOT_REQUIRED
CUST100478,,Mostafa Hussein,SYN537652551403,LOW,NO_MATCH,ACTIVE,2026-05-14,OPENED,False,,,NOT_REQUIRED
CUST100479,محمود عبدالله,Mahmoud Abdallah,SYN530151922665,HIGH,CLEAR,DORMANT,2026-04-29,REVIEW,False,,,COMPLETED
CUST100480,علي حسن,Ali Hassan,SYN479589456443,LOW,CLEAR,ACTIVE,2026-02-27,OPENED,False,,,NOT_REQUIRED
CUST100481,آية أحمد,Aya Ahmed,SYN160143179231,LOW,CLEAR,ACTIVE,2026-01-30,OPENED,False,,,NOT_REQUIRED
CUST100482,علي محمود,Ali Mahmoud,SYN633660968034,LOW,CLEAR,ACTIVE,2026-07-24,OPENED,False,,,NOT_REQUIRED
CUST100483,ياسمين علي,Yasmine Ali,SYN305170995000,LOW,CLEAR,ACTIVE,2026-03-03,OPENED,False,,,NOT_REQUIRED
CUST100484,منى عبدالله,Mona Abdallah,SYN673848082206,MEDIUM,CLEAR,ACTIVE,2026-01-24,OPENED,False,,,NOT_REQUIRED
CUST100485,يوسف يوسف,Youssef Youssef,SYN145750115753,LOW,CLEAR,ACTIVE,2026-03-06,OPENED,False,,,NOT_REQUIRED
CUST100486,سارة حسن,Sara Hassan,SYN983248391127,MEDIUM,CLEAR,ACTIVE,2026-07-09,PENDING,False,,,NOT_REQUIRED
CUST100487,هبة أحمد,Heba Ahmed,SYN522104571111,MEDIUM,CLEAR,ACTIVE,2026-02-24,OPENED,False,,,NOT_REQUIRED
CUST100488,ياسمين علي,Yasmine Ali,SYN907079834431,LOW,CLEAR,ACTIVE,2026-07-27,OPENED,False,,,NOT_REQUIRED
CUST100489,كريم إبراهيم,Karim Ibrahim,SYN528005055909,LOW,CLEAR,ACTIVE,2026-04-07,OPENED,False,,,NOT_REQUIRED
CUST100490,عبدالله محمود,Abdullah Mahmoud,SYN154297736716,HIGH,CLEAR,ACTIVE,2026-06-30,REVIEW,False,,,NOT_REQUIRED
CUST100491,إسراء إبراهيم,Esraa Ibrahim,SYN839992191484,LOW,CLEAR,ACTIVE,2026-05-18,OPENED,False,,,NOT_REQUIRED
CUST100492,ياسمين أحمد,Yasmine Ahmed,SYN683365356700,LOW,PENDING,DORMANT,2026-01-10,OPENED,False,,,PENDING
CUST100493,كريم محمود,Karim Mahmoud,SYN803581342816,MEDIUM,CLEAR,ACTIVE,2026-04-17,OPENED,False,,,NOT_REQUIRED
CUST100494,علي عبدالله,Ali Abdallah,SYN485352877157,MEDIUM,CLEAR,ACTIVE,2026-03-29,OPENED,False,,,NOT_REQUIRED
CUST100495,نور عبدالله,Nour Abdallah,SYN674143069821,LOW,CLEAR,ACTIVE,2026-02-12,OPENED,False,,,NOT_REQUIRED
CUST100496,محمود سالم,Mahmoud Salem,SYN870606103416,LOW,CLEAR,ACTIVE,2026-04-26,OPENED,False,,,NOT_REQUIRED
CUST100497,مريم عمر,Mariam Omar,SYN667958898584,LOW,CLEAR,ACTIVE,2026-01-22,OPENED,False,,,NOT_REQUIRED
CUST100498,عبدالله إبراهيم,Abdullah Ibrahim,SYN412906271352,MEDIUM,CLEAR,ACTIVE,2026-05-27,OPENED,False,,,NOT_REQUIRED
CUST100499,نور يوسف,Nour Youssef,SYN696276634929,LOW,PENDING,ACTIVE,2026-06-22,OPENED,False,,,NOT_REQUIRED
CUST100500,محمود إبراهيم,Mahmoud Ibrahim,SYN704668769752,LOW,CLEAR,ACTIVE,2026-01-20,OPENED,False,,,NOT_REQUIRED
CUST100501,مصطفى حسين,Mostafa Hussein,SYN964528266255,LOW,CLEAR,ACTIVE,2026-04-11,OPENED,False,,,NOT_REQUIRED
CUST100502,عبدالرحمن حسين,Abdelrahman Hussein,SYN433821089387,HIGH,CLEAR,ACTIVE,2026-05-18,REVIEW,False,,,NOT_REQUIRED
CUST100503,إسراء محمود,Esraa Mahmoud,SYN482573590762,MEDIUM,CLEAR,ACTIVE,2026-01-14,OPENED,False,,,NOT_REQUIRED
CUST100504,علي سالم,Ali Salem,SYN830910665068,LOW,CLEAR,ACTIVE,2026-03-23,PENDING,False,,,NOT_REQUIRED
CUST100505,منى حسين,Mona Hussein,SYN555186083268,LOW,CLEAR,ACTIVE,2026-02-24,OPENED,False,,,NOT_REQUIRED
CUST100506,هبة كمال,Heba Kamal,SYN762915783804,HIGH,CLEAR,ACTIVE,2026-01-09,REVIEW,False,,,NOT_REQUIRED
CUST100507,يوسف إبراهيم,Youssef Ibrahim,SYN513738518008,MEDIUM,CLEAR,ACTIVE,2026-06-18,OPENED,False,,,NOT_REQUIRED
CUST100508,علي يوسف,Ali Youssef,SYN293945627631,LOW,CLEAR,ACTIVE,2026-04-04,OPENED,False,,,NOT_REQUIRED
CUST100509,يوسف فؤاد,Youssef Fouad,SYN770683458502,LOW,CLEAR,ACTIVE,2026-06-07,OPENED,False,,,NOT_REQUIRED
CUST100510,عبدالرحمن محمد,Abdelrahman Mohamed,SYN218039652266,LOW,NO_MATCH,ACTIVE,2026-05-04,OPENED,False,,,NOT_REQUIRED
CUST100511,خالد حسين,Khaled Hussein,SYN278725297178,LOW,HIGH_RISK,ACTIVE,2026-07-03,OPENED,False,,,NOT_REQUIRED
CUST100512,آية عمر,Aya Omar,SYN664142484505,LOW,NO_MATCH,ACTIVE,2026-07-29,PENDING,False,,,NOT_REQUIRED
CUST100513,آية محمود,Aya Mahmoud,SYN772542820172,LOW,NO_MATCH,ACTIVE,2026-05-07,OPENED,False,,,NOT_REQUIRED
CUST100514,عبدالرحمن حسين,Abdelrahman Hussein,SYN905219098181,LOW,NO_MATCH,ACTIVE,2026-03-15,OPENED,False,,,NOT_REQUIRED
CUST100515,محمود كمال,Mahmoud Kamal,SYN345327847674,MEDIUM,CLEAR,ACTIVE,2026-03-30,PENDING,False,,,NOT_REQUIRED
CUST100516,إسراء إبراهيم,Esraa Ibrahim,SYN199651832740,LOW,CLEAR,ACTIVE,2026-06-23,OPENED,False,,,NOT_REQUIRED
CUST100517,أحمد أحمد,Ahmed Ahmed,SYN960441993570,LOW,CLEAR,ACTIVE,2026-03-31,OPENED,False,,,NOT_REQUIRED
CUST100518,منى إبراهيم,Mona Ibrahim,SYN238980779219,LOW,CLEAR,ACTIVE,2026-04-20,OPENED,False,,,NOT_REQUIRED
CUST100519,دينا عبدالله,Dina Abdallah,SYN277900284029,LOW,CLEAR,ACTIVE,2026-02-10,OPENED,False,,,NOT_REQUIRED
CUST100520,مريم يوسف,Mariam Youssef,SYN362196508202,LOW,CLEAR,ACTIVE,2026-07-27,OPENED,False,,,NOT_REQUIRED
CUST100521,محمود فؤاد,Mahmoud Fouad,SYN576452218623,LOW,PENDING,ACTIVE,2026-05-17,OPENED,False,,,NOT_REQUIRED
CUST100522,عمر حسن,Omar Hassan,SYN894543009430,LOW,CLEAR,ACTIVE,2026-03-11,OPENED,False,,,NOT_REQUIRED
CUST100523,آية حسن,Aya Hassan,SYN784491420456,LOW,CLEAR,ACTIVE,2026-05-03,OPENED,False,,,NOT_REQUIRED
CUST100524,سارة منصور,Sara Mansour,SYN737341798458,MEDIUM,CLEAR,ACTIVE,2026-03-26,OPENED,False,,,NOT_REQUIRED
CUST100525,سارة أحمد,Sara Ahmed,SYN257662511070,LOW,CLEAR,ACTIVE,2026-02-02,OPENED,False,,,NOT_REQUIRED
CUST100526,عبدالله محمود,Abdullah Mahmoud,SYN421914368373,MEDIUM,CLEAR,ACTIVE,2026-07-03,OPENED,False,,,NOT_REQUIRED
CUST100527,محمود حسن,Mahmoud Hassan,SYN530564433478,MEDIUM,CLEAR,ACTIVE,2026-07-05,OPENED,False,,,NOT_REQUIRED
CUST100528,عبدالله أحمد,Abdullah Ahmed,SYN232683358137,MEDIUM,CLEAR,ACTIVE,2026-06-25,OPENED,False,,,NOT_REQUIRED
CUST100529,عبدالله كمال,Abdullah Kamal,SYN346086731914,LOW,CLEAR,ACTIVE,2026-03-19,OPENED,False,,,NOT_REQUIRED
CUST100530,دينا علي,Dina Ali,SYN377499883557,HIGH,CLEAR,ACTIVE,2026-02-23,OPENED,True,EXC-100530,SYN-REVIEWER-01,NOT_REQUIRED
CUST100531,عمر أحمد,Omar Ahmed,SYN214548578496,LOW,CLEAR,ACTIVE,2026-01-11,OPENED,False,,,NOT_REQUIRED
CUST100532,عمر كمال,Omar Kamal,SYN595215722717,LOW,CLEAR,ACTIVE,2026-06-03,OPENED,False,,,NOT_REQUIRED
CUST100533,علي حسن,Ali Hassan,SYN734525376871,LOW,CLEAR,ACTIVE,2026-03-10,PENDING,False,,,NOT_REQUIRED
CUST100534,دينا يوسف,Dina Youssef,SYN162938468329,HIGH,CLEAR,ACTIVE,2026-07-07,REVIEW,False,,,NOT_REQUIRED
CUST100535,عمر أحمد,Omar Ahmed,SYN533010791586,LOW,CLEAR,ACTIVE,2026-07-02,OPENED,False,,,NOT_REQUIRED
CUST100536,منى حسن,Mona Hassan,SYN803990075741,MEDIUM,CLEAR,ACTIVE,2026-01-27,OPENED,False,,,NOT_REQUIRED
CUST100537,محمود علي,Mahmoud Ali,SYN773191116057,LOW,CLEAR,ACTIVE,2026-07-12,OPENED,False,,,NOT_REQUIRED
CUST100538,هبة فؤاد,Heba Fouad,SYN833565786596,LOW,CLEAR,ACTIVE,2026-01-30,OPENED,False,,,NOT_REQUIRED
CUST100539,محمد منصور,Mohamed Mansour,SYN503416569853,LOW,CLEAR,ACTIVE,2026-04-13,OPENED,False,,,NOT_REQUIRED
CUST100540,خالد إبراهيم,Khaled Ibrahim,SYN838501374375,LOW,HIGH_RISK,ACTIVE,2026-04-10,REVIEW,False,,,NOT_REQUIRED
CUST100541,أحمد حسين,Ahmed Hussein,SYN316677764092,LOW,CLEAR,ACTIVE,2026-07-20,PENDING,False,,,NOT_REQUIRED
CUST100542,عمر علي,Omar Ali,SYN424729505275,LOW,HIGH_RISK,DORMANT,2026-05-19,REVIEW,False,,,COMPLETED
CUST100543,عمر سالم,Omar Salem,SYN258720018776,LOW,CLEAR,ACTIVE,2026-07-03,OPENED,False,,,NOT_REQUIRED
CUST100544,آية حسين,Aya Hussein,SYN520736085485,LOW,CLEAR,ACTIVE,2026-05-06,OPENED,False,,,NOT_REQUIRED
CUST100545,أحمد سالم,Ahmed Salem,SYN452854020173,LOW,CLEAR,ACTIVE,2026-06-23,OPENED,False,,,NOT_REQUIRED
CUST100546,نور فؤاد,Nour Fouad,SYN316834404772,HIGH,CLEAR,DORMANT,2026-06-28,REVIEW,False,,,COMPLETED
CUST100547,دينا يوسف,Dina Youssef,SYN776602638307,LOW,NO_MATCH,ACTIVE,2026-06-30,OPENED,False,,,NOT_REQUIRED
CUST100548,هبة إبراهيم,Heba Ibrahim,SYN382462094900,LOW,CLEAR,ACTIVE,2026-03-28,OPENED,False,,,NOT_REQUIRED
CUST100549,مصطفى أحمد,Mostafa Ahmed,SYN345523897131,LOW,PENDING,ACTIVE,2026-03-22,OPENED,False,,,NOT_REQUIRED
CUST100550,آية محمود,Aya Mahmoud,SYN217801297765,LOW,PENDING,ACTIVE,2026-07-26,OPENED,False,,,NOT_REQUIRED
CUST100551,مريم يوسف,Mariam Youssef,SYN494939531621,LOW,CLEAR,ACTIVE,2026-06-08,OPENED,False,,,NOT_REQUIRED
CUST100552,آية إبراهيم,Aya Ibrahim,SYN372668165953,LOW,CLEAR,ACTIVE,2026-07-12,OPENED,False,,,NOT_REQUIRED
CUST100553,سارة منصور,Sara Mansour,SYN432345557206,HIGH,CLEAR,ACTIVE,2026-05-02,REVIEW,False,,,NOT_REQUIRED
CUST100554,عبدالرحمن عبدالله,Abdelrahman Abdallah,SYN312397536358,LOW,CLEAR,ACTIVE,2026-07-15,PENDING,False,,,NOT_REQUIRED
CUST100555,هبة حسن,Heba Hassan,SYN786839940837,LOW,CLEAR,ACTIVE,2026-06-01,PENDING,False,,,NOT_REQUIRED
CUST100556,خالد كمال,Khaled Kamal,SYN937003012619,LOW,CLEAR,ACTIVE,2026-06-05,OPENED,False,,,NOT_REQUIRED
CUST100557,إسراء عمر,Esraa Omar,SYN548138667509,LOW,NO_MATCH,ACTIVE,2026-02-07,OPENED,False,,,NOT_REQUIRED
CUST100558,ياسمين مراد,Yasmine Mourad,SYN678698581006,LOW,CLEAR,ACTIVE,2026-04-30,OPENED,False,,,NOT_REQUIRED
CUST100559,إسراء يوسف,Esraa Youssef,SYN880455048946,LOW,CLEAR,ACTIVE,2026-06-03,OPENED,False,,,NOT_REQUIRED
CUST100560,هبة محمود,Heba Mahmoud,SYN998946673600,LOW,CLEAR,DORMANT,2026-06-09,OPENED,False,,,PENDING
CUST100561,محمد حسين,Mohamed Hussein,SYN652164836256,LOW,CLEAR,ACTIVE,2026-07-21,OPENED,False,,,NOT_REQUIRED
CUST100562,منى حسين,Mona Hussein,SYN900801519885,MEDIUM,HIGH_RISK,ACTIVE,2026-03-10,REVIEW,False,,,NOT_REQUIRED
CUST100563,عمر كمال,Omar Kamal,SYN917747421900,LOW,CLEAR,ACTIVE,2026-03-05,OPENED,False,,,NOT_REQUIRED
CUST100564,إسراء سالم,Esraa Salem,SYN812306339026,LOW,NO_MATCH,ACTIVE,2026-07-23,OPENED,False,,,NOT_REQUIRED
CUST100565,يوسف عبدالله,Youssef Abdallah,SYN514838251965,LOW,CLEAR,ACTIVE,2026-07-27,OPENED,False,,,NOT_REQUIRED
CUST100566,يوسف مراد,Youssef Mourad,SYN173038600381,LOW,PENDING,ACTIVE,2026-02-07,OPENED,False,,,NOT_REQUIRED
CUST100567,يوسف منصور,Youssef Mansour,SYN114224999896,LOW,CLEAR,ACTIVE,2026-03-21,OPENED,False,,,NOT_REQUIRED
CUST100568,كريم كمال,Karim Kamal,SYN529480569954,LOW,CLEAR,ACTIVE,2026-07-19,OPENED,False,,,NOT_REQUIRED
CUST100569,دينا مراد,Dina Mourad,SYN544883080181,HIGH,CLEAR,ACTIVE,2026-02-11,REVIEW,False,,,NOT_REQUIRED
CUST100570,عبدالله علي,Abdullah Ali,SYN466626149076,LOW,CLEAR,ACTIVE,2026-06-14,OPENED,False,,,NOT_REQUIRED
CUST100571,نور محمد,Nour Mohamed,SYN611350616162,LOW,CLEAR,ACTIVE,2026-01-24,PENDING,False,,,NOT_REQUIRED
CUST100572,علي عمر,Ali Omar,SYN596946432973,MEDIUM,CLEAR,ACTIVE,2026-02-07,PENDING,False,,,NOT_REQUIRED
CUST100573,محمد يوسف,Mohamed Youssef,SYN852951736929,MEDIUM,CLEAR,ACTIVE,2026-06-14,OPENED,False,,,NOT_REQUIRED
CUST100574,محمد حسن,Mohamed Hassan,SYN197791392936,LOW,CLEAR,ACTIVE,2026-05-08,OPENED,False,,,NOT_REQUIRED
CUST100575,مريم محمود,Mariam Mahmoud,SYN302659899494,LOW,CLEAR,ACTIVE,2026-04-27,OPENED,False,,,NOT_REQUIRED
CUST100576,عبدالله سالم,Abdullah Salem,SYN813704481063,LOW,CLEAR,ACTIVE,2026-06-29,OPENED,False,,,NOT_REQUIRED
CUST100577,هبة عمر,Heba Omar,SYN863053180501,MEDIUM,CLEAR,ACTIVE,2026-03-06,OPENED,False,,,NOT_REQUIRED
CUST100578,إسراء علي,Esraa Ali,SYN995341792258,LOW,CLEAR,ACTIVE,2026-04-16,PENDING,False,,,NOT_REQUIRED
CUST100579,محمود منصور,Mahmoud Mansour,SYN885620814748,MEDIUM,CLEAR,ACTIVE,2026-05-08,OPENED,False,,,NOT_REQUIRED
CUST100580,أحمد محمود,Ahmed Mahmoud,SYN900909106365,LOW,CLEAR,ACTIVE,2026-06-05,OPENED,False,,,NOT_REQUIRED
CUST100581,آية حسين,Aya Hussein,SYN382913148366,MEDIUM,CLEAR,ACTIVE,2026-03-11,PENDING,False,,,NOT_REQUIRED
CUST100582,محمود إبراهيم,Mahmoud Ibrahim,SYN461495470608,LOW,CLEAR,ACTIVE,2026-05-14,OPENED,False,,,NOT_REQUIRED
CUST100583,أحمد عبدالله,Ahmed Abdallah,SYN341276594338,LOW,CLEAR,DORMANT,2026-04-05,OPENED,False,,,PENDING
CUST100584,نور منصور,Nour Mansour,SYN645669458373,LOW,NO_MATCH,ACTIVE,2026-04-24,OPENED,False,,,NOT_REQUIRED
CUST100585,عبدالله محمود,Abdullah Mahmoud,SYN944924818786,LOW,CLEAR,ACTIVE,2026-07-01,OPENED,False,,,NOT_REQUIRED
CUST100586,مصطفى يوسف,Mostafa Youssef,SYN410176797860,LOW,CLEAR,ACTIVE,2026-03-24,OPENED,False,,,NOT_REQUIRED
CUST100587,أحمد علي,Ahmed Ali,SYN601301603693,LOW,CLEAR,DORMANT,2026-05-21,OPENED,False,,,PENDING
CUST100588,آية يوسف,Aya Youssef,SYN366669667408,LOW,CLEAR,ACTIVE,2026-07-17,OPENED,False,,,NOT_REQUIRED
CUST100589,آية أحمد,Aya Ahmed,SYN252819976395,LOW,CLEAR,ACTIVE,2026-06-10,OPENED,False,,,NOT_REQUIRED
CUST100590,آية عمر,Aya Omar,SYN275666976836,MEDIUM,CLEAR,ACTIVE,2026-07-27,PENDING,False,,,NOT_REQUIRED
CUST100591,عبدالله محمد,Abdullah Mohamed,SYN152150810084,MEDIUM,CLEAR,ACTIVE,2026-05-03,OPENED,False,,,NOT_REQUIRED
CUST100592,يوسف محمد,Youssef Mohamed,SYN954364170708,LOW,CLEAR,ACTIVE,2026-03-01,OPENED,False,,,NOT_REQUIRED
CUST100593,عبدالرحمن أحمد,Abdelrahman Ahmed,SYN462591647656,LOW,CLEAR,ACTIVE,2026-07-28,OPENED,False,,,NOT_REQUIRED
CUST100594,سارة فؤاد,Sara Fouad,SYN850708802801,LOW,CLEAR,ACTIVE,2026-05-16,OPENED,False,,,NOT_REQUIRED
CUST100595,آية حسن,Aya Hassan,SYN713196525420,MEDIUM,NO_MATCH,DORMANT,2026-02-20,OPENED,False,,,PENDING
CUST100596,دينا منصور,Dina Mansour,SYN272729045269,LOW,PENDING,ACTIVE,2026-03-08,PENDING,False,,,NOT_REQUIRED
CUST100597,ياسمين فؤاد,Yasmine Fouad,SYN257916021921,LOW,HIGH_RISK,ACTIVE,2026-02-25,REVIEW,False,,,NOT_REQUIRED
CUST100598,كريم يوسف,Karim Youssef,SYN830789381359,HIGH,NO_MATCH,ACTIVE,2026-06-25,REVIEW,False,,,NOT_REQUIRED
CUST100599,كريم فؤاد,Karim Fouad,SYN338240539557,HIGH,CLEAR,ACTIVE,2026-01-20,REVIEW,False,,,NOT_REQUIRED
CUST100600,كريم محمود,Karim Mahmoud,SYN921956665331,LOW,CLEAR,DORMANT,2026-06-05,OPENED,False,,,PENDING
CUST100601,ياسمين عمر,Yasmine Omar,SYN226049864220,LOW,CLEAR,DORMANT,2026-04-27,OPENED,False,,,PENDING
CUST100602,خالد يوسف,Khaled Youssef,SYN709937753009,LOW,CLEAR,DORMANT,2026-01-16,OPENED,False,,,PENDING
CUST100603,محمود محمود,Mahmoud Mahmoud,SYN833026488427,MEDIUM,CLEAR,ACTIVE,2026-05-09,OPENED,False,,,NOT_REQUIRED
CUST100604,آية علي,Aya Ali,SYN311730749574,LOW,NO_MATCH,ACTIVE,2026-06-08,OPENED,False,,,NOT_REQUIRED
CUST100605,هبة كمال,Heba Kamal,SYN348586627110,LOW,CLEAR,ACTIVE,2026-06-02,OPENED,False,,,NOT_REQUIRED
CUST100606,سارة حسن,Sara Hassan,SYN968066997525,LOW,CLEAR,ACTIVE,2026-04-21,OPENED,False,,,NOT_REQUIRED
CUST100607,هبة سالم,Heba Salem,SYN338137844811,LOW,CLEAR,ACTIVE,2026-03-12,OPENED,False,,,NOT_REQUIRED
CUST100608,عبدالرحمن حسين,Abdelrahman Hussein,SYN486961344910,LOW,CLEAR,ACTIVE,2026-02-04,OPENED,False,,,NOT_REQUIRED
CUST100609,إسراء علي,Esraa Ali,SYN489264033918,LOW,CLEAR,DORMANT,2026-01-03,OPENED,False,,,PENDING
CUST100610,آية عمر,Aya Omar,SYN327731274936,MEDIUM,CLEAR,ACTIVE,2026-03-17,OPENED,False,,,NOT_REQUIRED
CUST100611,منى حسن,Mona Hassan,SYN798211977793,MEDIUM,CLEAR,ACTIVE,2026-05-13,OPENED,False,,,NOT_REQUIRED
CUST100612,ياسمين فؤاد,Yasmine Fouad,SYN794664408906,LOW,CLEAR,ACTIVE,2026-01-08,OPENED,False,,,NOT_REQUIRED
CUST100613,مريم فؤاد,Mariam Fouad,SYN440486212801,MEDIUM,HIGH_RISK,ACTIVE,2026-07-29,REVIEW,False,,,NOT_REQUIRED
CUST100614,مصطفى أحمد,Mostafa Ahmed,SYN851613211972,LOW,CLEAR,ACTIVE,2026-05-04,OPENED,False,,,NOT_REQUIRED
CUST100615,كريم حسن,Karim Hassan,SYN291767440959,LOW,CLEAR,ACTIVE,2026-03-03,OPENED,False,,,NOT_REQUIRED
CUST100616,يوسف عمر,Youssef Omar,SYN103875198100,LOW,CLEAR,ACTIVE,2026-07-22,OPENED,False,,,NOT_REQUIRED
CUST100617,علي إبراهيم,Ali Ibrahim,SYN614050625850,MEDIUM,CLEAR,ACTIVE,2026-02-08,OPENED,False,,,NOT_REQUIRED
CUST100618,أحمد علي,Ahmed Ali,SYN994669995207,MEDIUM,CLEAR,ACTIVE,2026-07-21,OPENED,False,,,NOT_REQUIRED
CUST100619,محمود مراد,Mahmoud Mourad,SYN134779878844,MEDIUM,NO_MATCH,ACTIVE,2026-03-01,PENDING,False,,,NOT_REQUIRED
CUST100620,نور حسين,Nour Hussein,SYN287198266337,MEDIUM,CLEAR,ACTIVE,2026-03-21,PENDING,False,,,NOT_REQUIRED
CUST100621,منى أحمد,Mona Ahmed,SYN567023178238,HIGH,CLEAR,DORMANT,2026-03-31,REVIEW,False,,,COMPLETED
CUST100622,,Omar Kamal,SYN828946662800,LOW,CLEAR,ACTIVE,2026-07-28,OPENED,False,,,NOT_REQUIRED
CUST100623,نور أحمد,Nour Ahmed,SYN180137804567,MEDIUM,CLEAR,ACTIVE,2026-02-22,OPENED,False,,,NOT_REQUIRED
CUST100624,كريم سالم,Karim Salem,SYN455711188383,LOW,CLEAR,ACTIVE,2026-07-24,PENDING,False,,,NOT_REQUIRED
CUST100625,يوسف مراد,Youssef Mourad,SYN772368220566,LOW,CLEAR,ACTIVE,2026-03-14,OPENED,False,,,NOT_REQUIRED
CUST100626,سارة سالم,Sara Salem,SYN434388887565,LOW,HIGH_RISK,ACTIVE,2026-03-01,REVIEW,False,,,NOT_REQUIRED
CUST100627,مريم سالم,Mariam Salem,SYN269952778428,LOW,CLEAR,ACTIVE,2026-05-15,PENDING,False,,,NOT_REQUIRED
CUST100628,هبة محمد,Heba Mohamed,SYN275946244656,LOW,CLEAR,ACTIVE,2026-05-26,OPENED,False,,,NOT_REQUIRED
CUST100629,مريم علي,Mariam Ali,SYN469043908223,LOW,CLEAR,ACTIVE,2026-03-14,OPENED,False,,,NOT_REQUIRED
CUST100630,خالد سالم,Khaled Salem,SYN531475367325,LOW,CLEAR,ACTIVE,2026-01-29,OPENED,False,,,NOT_REQUIRED
CUST100631,سارة كمال,Sara Kamal,SYN875632976034,LOW,NO_MATCH,ACTIVE,2026-03-25,OPENED,False,,,NOT_REQUIRED
CUST100632,نور علي,Nour Ali,SYN678027176711,MEDIUM,CLEAR,ACTIVE,2026-04-24,OPENED,False,,,NOT_REQUIRED
CUST100633,مريم كمال,Mariam Kamal,SYN721361759063,LOW,CLEAR,ACTIVE,2026-01-09,OPENED,False,,,NOT_REQUIRED
CUST100634,عمر عبدالله,Omar Abdallah,SYN984688454382,LOW,CLEAR,ACTIVE,2026-01-17,OPENED,False,,,NOT_REQUIRED
CUST100635,مصطفى سالم,Mostafa Salem,SYN470659096270,LOW,CLEAR,ACTIVE,2026-07-12,OPENED,False,,,NOT_REQUIRED
CUST100636,يوسف حسن,Youssef Hassan,SYN463018962924,LOW,CLEAR,ACTIVE,2026-01-08,OPENED,False,,,NOT_REQUIRED
CUST100637,علي منصور,Ali Mansour,SYN931012270953,LOW,CLEAR,ACTIVE,2026-03-27,OPENED,False,,,NOT_REQUIRED
CUST100638,ياسمين حسن,Yasmine Hassan,SYN321288028304,MEDIUM,CLEAR,ACTIVE,2026-06-10,OPENED,False,,,NOT_REQUIRED
CUST100639,عبدالله محمود,Abdullah Mahmoud,SYN756833721672,LOW,CLEAR,ACTIVE,2026-03-10,OPENED,False,,,NOT_REQUIRED
CUST100640,مصطفى فؤاد,Mostafa Fouad,SYN779115824396,LOW,CLEAR,ACTIVE,2026-04-14,OPENED,False,,,NOT_REQUIRED
CUST100641,عبدالله أحمد,Abdullah Ahmed,SYN188009197700,MEDIUM,CLEAR,ACTIVE,2026-01-19,OPENED,False,,,NOT_REQUIRED
CUST100642,إسراء عبدالله,Esraa Abdallah,SYN521408265124,LOW,CLEAR,ACTIVE,2026-06-16,OPENED,False,,,NOT_REQUIRED
CUST100643,منى سالم,Mona Salem,SYN280506224189,MEDIUM,CLEAR,ACTIVE,2026-05-14,OPENED,False,,,NOT_REQUIRED
CUST100644,ياسمين علي,Yasmine Ali,SYN266837745522,LOW,CLEAR,ACTIVE,2026-06-28,OPENED,False,,,NOT_REQUIRED
CUST100645,سارة محمود,Sara Mahmoud,SYN517445299416,MEDIUM,CLEAR,DORMANT,2026-07-01,OPENED,False,,,PENDING
CUST100646,منى محمد,Mona Mohamed,SYN360486736757,MEDIUM,CLEAR,DORMANT,2026-03-15,OPENED,False,,,PENDING
CUST100647,هبة منصور,Heba Mansour,SYN816454402863,MEDIUM,CLEAR,ACTIVE,2026-01-09,OPENED,False,,,NOT_REQUIRED
CUST100648,عبدالرحمن مراد,Abdelrahman Mourad,SYN916844402251,LOW,CLEAR,ACTIVE,2026-03-14,OPENED,False,,,NOT_REQUIRED
CUST100649,آية يوسف,Aya Youssef,SYN822448544759,MEDIUM,PENDING,ACTIVE,2026-01-31,OPENED,False,,,NOT_REQUIRED
CUST100650,منى حسن,Mona Hassan,SYN339427785359,HIGH,CLEAR,ACTIVE,2026-04-22,REVIEW,False,,,NOT_REQUIRED
CUST100651,مصطفى أحمد,Mostafa Ahmed,SYN346720954319,LOW,CLEAR,ACTIVE,2026-01-31,OPENED,False,,,NOT_REQUIRED
CUST100652,يوسف أحمد,Youssef Ahmed,SYN329255515105,MEDIUM,CLEAR,ACTIVE,2026-07-13,OPENED,False,,,NOT_REQUIRED
CUST100653,آية سالم,Aya Salem,SYN221534286450,MEDIUM,CLEAR,ACTIVE,2026-05-07,OPENED,False,,,NOT_REQUIRED
CUST100654,دينا حسن,Dina Hassan,SYN949418531293,LOW,CLEAR,ACTIVE,2026-02-23,OPENED,False,,,NOT_REQUIRED
CUST100655,هبة حسين,Heba Hussein,SYN461843018341,MEDIUM,CLEAR,ACTIVE,2026-07-13,OPENED,False,,,NOT_REQUIRED
CUST100656,ياسمين يوسف,Yasmine Youssef,SYN302220527091,LOW,CLEAR,ACTIVE,2026-06-11,OPENED,False,,,NOT_REQUIRED
CUST100657,كريم كمال,Karim Kamal,SYN862003945457,LOW,CLEAR,ACTIVE,2026-04-02,PENDING,False,,,NOT_REQUIRED
CUST100658,أحمد يوسف,Ahmed Youssef,SYN459275772392,LOW,PENDING,ACTIVE,2026-01-31,PENDING,False,,,NOT_REQUIRED
CUST100659,علي حسين,Ali Hussein,SYN131605129998,LOW,CLEAR,ACTIVE,2026-03-14,OPENED,False,,,NOT_REQUIRED
CUST100660,عمر منصور,Omar Mansour,SYN245747413224,MEDIUM,CLEAR,ACTIVE,2026-05-03,OPENED,False,,,NOT_REQUIRED
CUST100661,خالد منصور,Khaled Mansour,SYN675325306320,LOW,NO_MATCH,DORMANT,2026-06-10,OPENED,False,,,PENDING
CUST100662,محمد حسن,Mohamed Hassan,SYN804614746754,LOW,HIGH_RISK,ACTIVE,2026-02-25,REVIEW,False,,,NOT_REQUIRED
CUST100663,يوسف سالم,Youssef Salem,SYN289840949639,LOW,CLEAR,ACTIVE,2026-06-05,OPENED,False,,,NOT_REQUIRED
CUST100664,دينا إبراهيم,Dina Ibrahim,SYN925656030339,LOW,CLEAR,ACTIVE,2026-03-01,OPENED,False,,,NOT_REQUIRED
CUST100665,مصطفى محمد,Mostafa Mohamed,SYN865897408046,MEDIUM,CLEAR,ACTIVE,2026-02-21,OPENED,False,,,NOT_REQUIRED
CUST100666,هبة عمر,Heba Omar,SYN863542678654,MEDIUM,CLEAR,ACTIVE,2026-04-04,OPENED,False,,,NOT_REQUIRED
CUST100667,إسراء فؤاد,Esraa Fouad,SYN304895032119,LOW,CLEAR,ACTIVE,2026-02-03,OPENED,False,,,NOT_REQUIRED
CUST100668,عبدالله إبراهيم,Abdullah Ibrahim,SYN145482389785,LOW,CLEAR,ACTIVE,2026-03-26,OPENED,False,,,NOT_REQUIRED
CUST100669,محمود فؤاد,Mahmoud Fouad,SYN880681185534,LOW,CLEAR,ACTIVE,2026-03-17,OPENED,False,,,NOT_REQUIRED
CUST100670,عبدالرحمن عمر,Abdelrahman Omar,SYN375220205864,LOW,CLEAR,ACTIVE,2026-02-28,OPENED,False,,,NOT_REQUIRED
CUST100671,كريم سالم,Karim Salem,SYN657024743056,LOW,CLEAR,ACTIVE,2026-06-12,OPENED,False,,,NOT_REQUIRED
CUST100672,كريم محمود,Karim Mahmoud,SYN783970195330,LOW,CLEAR,ACTIVE,2026-03-11,OPENED,False,,,NOT_REQUIRED
CUST100673,أحمد عمر,Ahmed Omar,SYN215463932660,LOW,CLEAR,ACTIVE,2026-05-26,OPENED,False,,,NOT_REQUIRED
CUST100674,كريم فؤاد,Karim Fouad,SYN802754519067,LOW,CLEAR,ACTIVE,2026-06-01,OPENED,False,,,NOT_REQUIRED
CUST100675,خالد مراد,Khaled Mourad,SYN944660313064,LOW,PENDING,ACTIVE,2026-05-20,OPENED,False,,,NOT_REQUIRED
CUST100676,دينا حسن,Dina Hassan,SYN755537469171,LOW,CLEAR,ACTIVE,2026-02-26,OPENED,False,,,NOT_REQUIRED
CUST100677,أحمد عبدالله,Ahmed Abdallah,SYN497100473632,MEDIUM,CLEAR,ACTIVE,2026-06-24,OPENED,False,,,NOT_REQUIRED
CUST100678,هبة كمال,Heba Kamal,SYN889010324876,MEDIUM,CLEAR,ACTIVE,2026-02-19,OPENED,False,,,NOT_REQUIRED
CUST100679,عبدالله إبراهيم,Abdullah Ibrahim,SYN574711867065,LOW,CLEAR,ACTIVE,2026-02-28,OPENED,False,,,NOT_REQUIRED
CUST100680,خالد مراد,Khaled Mourad,SYN770293835035,MEDIUM,CLEAR,DORMANT,2026-07-03,PENDING,False,,,COMPLETED
CUST100681,محمود أحمد,Mahmoud Ahmed,SYN838455349472,MEDIUM,CLEAR,ACTIVE,2026-03-13,OPENED,False,,,NOT_REQUIRED
CUST100682,عبدالرحمن أحمد,Abdelrahman Ahmed,SYN774417575529,LOW,CLEAR,ACTIVE,2026-05-27,OPENED,False,,,NOT_REQUIRED
CUST100683,عبدالرحمن عمر,Abdelrahman Omar,SYN359069388443,LOW,CLEAR,ACTIVE,2026-01-09,OPENED,False,,,NOT_REQUIRED
CUST100684,عمر محمد,Omar Mohamed,SYN206059510815,LOW,CLEAR,DORMANT,2026-05-10,OPENED,False,,,PENDING
CUST100685,آية إبراهيم,Aya Ibrahim,SYN314504676425,MEDIUM,CLEAR,ACTIVE,2026-07-02,OPENED,False,,,NOT_REQUIRED
CUST100686,نور عبدالله,Nour Abdallah,SYN552587443282,LOW,CLEAR,ACTIVE,2026-05-29,OPENED,False,,,NOT_REQUIRED
CUST100687,دينا عبدالله,Dina Abdallah,SYN554749230063,LOW,NO_MATCH,ACTIVE,2026-05-03,OPENED,False,,,NOT_REQUIRED
CUST100688,نور مراد,Nour Mourad,SYN624379914383,LOW,CLEAR,ACTIVE,2026-06-28,OPENED,False,,,NOT_REQUIRED
CUST100689,ياسمين علي,Yasmine Ali,SYN455591653793,LOW,CLEAR,ACTIVE,2026-03-04,OPENED,False,,,NOT_REQUIRED
CUST100690,عبدالرحمن عمر,Abdelrahman Omar,SYN808202243305,HIGH,PENDING,ACTIVE,2026-03-21,OPENED,False,,,NOT_REQUIRED
CUST100691,ياسمين كمال,Yasmine Kamal,SYN921838375312,LOW,CLEAR,ACTIVE,2026-01-15,OPENED,False,,,NOT_REQUIRED
CUST100692,عبدالله منصور,Abdullah Mansour,SYN322052548131,MEDIUM,CLEAR,ACTIVE,2026-05-27,OPENED,False,,,NOT_REQUIRED
CUST100693,عبدالله محمد,Abdullah Mohamed,SYN762870895931,HIGH,CLEAR,ACTIVE,2026-06-01,REVIEW,False,,,NOT_REQUIRED
CUST100694,أحمد حسن,Ahmed Hassan,SYN710174667290,MEDIUM,CLEAR,ACTIVE,2026-06-07,PENDING,False,,,NOT_REQUIRED
CUST100695,علي فؤاد,Ali Fouad,SYN570781449351,LOW,CLEAR,ACTIVE,2026-06-07,OPENED,False,,,NOT_REQUIRED
CUST100696,خالد إبراهيم,Khaled Ibrahim,SYN269677210486,MEDIUM,CLEAR,ACTIVE,2026-01-27,OPENED,False,,,NOT_REQUIRED
CUST100697,دينا حسن,Dina Hassan,SYN815709032724,LOW,CLEAR,ACTIVE,2026-05-20,OPENED,False,,,NOT_REQUIRED
CUST100698,أحمد محمد,Ahmed Mohamed,SYN964563657065,LOW,CLEAR,ACTIVE,2026-06-10,OPENED,False,,,NOT_REQUIRED
CUST100699,أحمد مراد,Ahmed Mourad,SYN749652699010,MEDIUM,CLEAR,ACTIVE,2026-02-12,OPENED,False,,,NOT_REQUIRED
CUST100700,هبة حسين,Heba Hussein,SYN926073996963,LOW,HIGH_RISK,DORMANT,2026-04-11,REVIEW,False,,,COMPLETED
CUST100701,كريم حسن,Karim Hassan,SYN985766738453,LOW,CLEAR,ACTIVE,2026-07-11,OPENED,False,,,NOT_REQUIRED
CUST100702,عمر فؤاد,Omar Fouad,SYN416845606815,LOW,CLEAR,ACTIVE,2026-03-29,OPENED,False,,,NOT_REQUIRED
CUST100703,عمر حسن,Omar Hassan,SYN674401197633,MEDIUM,CLEAR,ACTIVE,2026-06-08,OPENED,False,,,NOT_REQUIRED
CUST100704,محمود كمال,Mahmoud Kamal,SYN526539463874,LOW,CLEAR,ACTIVE,2026-04-22,OPENED,False,,,NOT_REQUIRED
CUST100705,دينا يوسف,Dina Youssef,SYN987965872176,LOW,CLEAR,ACTIVE,2026-05-19,OPENED,False,,,NOT_REQUIRED
CUST100706,محمد مراد,Mohamed Mourad,SYN184427041606,MEDIUM,CLEAR,ACTIVE,2026-05-12,OPENED,False,,,NOT_REQUIRED
CUST100707,دينا كمال,Dina Kamal,SYN471137422867,LOW,CLEAR,ACTIVE,2026-05-17,OPENED,False,,,NOT_REQUIRED
CUST100708,منى حسين,Mona Hussein,SYN887985140074,LOW,CLEAR,ACTIVE,2026-06-13,PENDING,False,,,NOT_REQUIRED
CUST100709,منى حسين,Mona Hussein,SYN355646179473,LOW,CLEAR,ACTIVE,2026-07-09,OPENED,False,,,NOT_REQUIRED
CUST100710,Mostafa Mohamed,Mostafa Mohamed,SYN809013565574,HIGH,PENDING,ACTIVE,2026-03-04,PENDING,False,,,NOT_REQUIRED
CUST100711,هبة إبراهيم,Heba Ibrahim,SYN444504846502,LOW,CLEAR,ACTIVE,2026-07-14,OPENED,False,,,NOT_REQUIRED
CUST100712,خالد كمال,Khaled Kamal,SYN981980685901,LOW,NO_MATCH,ACTIVE,2026-05-12,OPENED,False,,,NOT_REQUIRED
CUST100713,ياسمين عمر,Yasmine Omar,SYN895176852781,LOW,CLEAR,ACTIVE,2026-05-06,OPENED,False,,,NOT_REQUIRED
CUST100714,عبدالله منصور,Abdullah Mansour,SYN371188321896,MEDIUM,PENDING,ACTIVE,2026-03-10,OPENED,False,,,NOT_REQUIRED
CUST100715,ياسمين كمال,Yasmine Kamal,SYN793173802184,LOW,CLEAR,ACTIVE,2026-03-29,OPENED,False,,,NOT_REQUIRED
CUST100716,هبة منصور,Heba Mansour,SYN403170889449,LOW,CLEAR,ACTIVE,2026-05-17,OPENED,False,,,NOT_REQUIRED
CUST100717,منى محمد,Mona Mohamed,SYN645726556193,HIGH,CLEAR,ACTIVE,2026-03-18,REVIEW,False,,,NOT_REQUIRED
CUST100718,يوسف عبدالله,Youssef Abdallah,SYN692632691553,LOW,NO_MATCH,ACTIVE,2026-03-02,OPENED,False,,,NOT_REQUIRED
CUST100719,دينا إبراهيم,Dina Ibrahim,SYN846635868177,LOW,CLEAR,ACTIVE,2026-06-22,OPENED,False,,,NOT_REQUIRED
CUST100720,محمود علي,Mahmoud Ali,SYN122005756793,LOW,CLEAR,ACTIVE,2026-03-29,OPENED,False,,,NOT_REQUIRED
CUST100721,عبدالله عمر,Abdullah Omar,SYN298142102037,MEDIUM,CLEAR,ACTIVE,2026-05-16,OPENED,False,,,NOT_REQUIRED
CUST100722,آية منصور,Aya Mansour,SYN740726029529,LOW,PENDING,ACTIVE,2026-01-07,OPENED,False,,,NOT_REQUIRED
CUST100723,محمود فؤاد,Mahmoud Fouad,SYN607170913272,LOW,CLEAR,ACTIVE,2026-01-17,OPENED,False,,,NOT_REQUIRED
CUST100724,ياسمين سالم,Yasmine Salem,SYN546044570381,LOW,CLEAR,ACTIVE,2026-06-28,OPENED,False,,,NOT_REQUIRED
CUST100725,محمود عمر,Mahmoud Omar,SYN149688961037,MEDIUM,CLEAR,ACTIVE,2026-01-30,OPENED,False,,,NOT_REQUIRED
CUST100726,خالد مراد,Khaled Mourad,SYN413448295115,MEDIUM,NO_MATCH,ACTIVE,2026-06-17,OPENED,False,,,NOT_REQUIRED
CUST100727,أحمد سالم,Ahmed Salem,SYN878590208719,LOW,CLEAR,ACTIVE,2026-07-09,OPENED,False,,,NOT_REQUIRED
CUST100728,منى عبدالله,Mona Abdallah,SYN127803553332,LOW,CLEAR,ACTIVE,2026-04-12,OPENED,False,,,NOT_REQUIRED
CUST100729,مصطفى علي,Mostafa Ali,SYN456792611828,MEDIUM,CLEAR,ACTIVE,2026-07-05,OPENED,False,,,NOT_REQUIRED
CUST100730,خالد عمر,Khaled Omar,SYN950633458903,LOW,NO_MATCH,ACTIVE,2026-03-31,OPENED,False,,,NOT_REQUIRED
CUST100731,نور كمال,Nour Kamal,SYN145792661090,LOW,NO_MATCH,DORMANT,2026-07-19,OPENED,False,,,PENDING
CUST100732,عبدالله فؤاد,Abdullah Fouad,SYN774735175940,LOW,CLEAR,ACTIVE,2026-02-19,OPENED,False,,,NOT_REQUIRED
CUST100733,ياسمين يوسف,Yasmine Youssef,SYN331851354563,LOW,CLEAR,ACTIVE,2026-03-31,OPENED,False,,,NOT_REQUIRED
CUST100734,يوسف يوسف,Youssef Youssef,SYN879947948938,LOW,CLEAR,ACTIVE,2026-03-23,OPENED,False,,,NOT_REQUIRED
CUST100735,مصطفى عمر,Mostafa Omar,SYN771461181063,LOW,NO_MATCH,ACTIVE,2026-06-14,PENDING,False,,,NOT_REQUIRED
CUST100736,خالد إبراهيم,Khaled Ibrahim,SYN897134653772,LOW,CLEAR,ACTIVE,2026-01-10,OPENED,False,,,NOT_REQUIRED
CUST100737,سارة علي,Sara Ali,SYN294332311388,LOW,CLEAR,ACTIVE,2026-06-23,OPENED,False,,,NOT_REQUIRED
CUST100738,خالد أحمد,Khaled Ahmed,SYN578163479336,LOW,CLEAR,ACTIVE,2026-01-05,OPENED,False,,,NOT_REQUIRED
CUST100739,إسراء حسين,Esraa Hussein,SYN801342949217,LOW,CLEAR,ACTIVE,2026-03-08,OPENED,False,,,NOT_REQUIRED
CUST100740,آية عبدالله,Aya Abdallah,SYN321129768695,LOW,CLEAR,ACTIVE,2026-05-06,OPENED,False,,,NOT_REQUIRED
CUST100741,ياسمين عمر,Yasmine Omar,SYN307671674740,MEDIUM,CLEAR,ACTIVE,2026-01-31,OPENED,False,,,NOT_REQUIRED
CUST100742,كريم عبدالله,Karim Abdallah,SYN124463920147,LOW,PENDING,ACTIVE,2026-04-13,PENDING,False,,,NOT_REQUIRED
CUST100743,علي أحمد,Ali Ahmed,SYN962663764577,MEDIUM,CLEAR,ACTIVE,2026-07-29,OPENED,False,,,NOT_REQUIRED
CUST100744,ياسمين حسين,Yasmine Hussein,SYN739015192049,LOW,CLEAR,ACTIVE,2026-06-22,OPENED,False,,,NOT_REQUIRED
CUST100745,مريم مراد,Mariam Mourad,SYN672004318609,MEDIUM,CLEAR,ACTIVE,2026-01-07,OPENED,False,,,NOT_REQUIRED
CUST100746,هبة مراد,Heba Mourad,SYN769595250425,LOW,CLEAR,ACTIVE,2026-05-05,OPENED,False,,,NOT_REQUIRED
CUST100747,سارة محمد,Sara Mohamed,SYN578451626825,LOW,PENDING,ACTIVE,2026-05-06,OPENED,False,,,NOT_REQUIRED
CUST100748,سارة يوسف,Sara Youssef,SYN528520438981,LOW,CLEAR,ACTIVE,2026-01-15,OPENED,False,,,NOT_REQUIRED
CUST100749,عمر فؤاد,Omar Fouad,SYN504579017011,LOW,CLEAR,ACTIVE,2026-05-17,OPENED,False,,,NOT_REQUIRED
CUST100750,عبدالرحمن كمال,Abdelrahman Kamal,SYN676395290893,LOW,CLEAR,ACTIVE,2026-04-20,OPENED,False,,,NOT_REQUIRED
CUST100751,محمود كمال,Mahmoud Kamal,SYN281381477853,MEDIUM,CLEAR,ACTIVE,2026-05-24,OPENED,False,,,NOT_REQUIRED
CUST100752,أحمد منصور,Ahmed Mansour,SYN899252825513,MEDIUM,CLEAR,ACTIVE,2026-03-04,OPENED,False,,,NOT_REQUIRED
CUST100753,عبدالله محمد,Abdullah Mohamed,SYN830577134097,LOW,CLEAR,ACTIVE,2026-02-23,OPENED,False,,,NOT_REQUIRED
CUST100754,دينا منصور,Dina Mansour,SYN414607250306,MEDIUM,CLEAR,DORMANT,2026-06-04,OPENED,False,,,PENDING
CUST100755,نور محمود,Nour Mahmoud,SYN620748367131,MEDIUM,CLEAR,ACTIVE,2026-06-01,OPENED,False,,,NOT_REQUIRED
CUST100756,خالد محمد,Khaled Mohamed,SYN226924569955,MEDIUM,CLEAR,ACTIVE,2026-02-03,OPENED,False,,,NOT_REQUIRED
CUST100757,مريم منصور,Mariam Mansour,SYN975111623140,LOW,CLEAR,DORMANT,2026-02-15,OPENED,False,,,PENDING
CUST100758,محمود سالم,Mahmoud Salem,SYN912603418867,LOW,NO_MATCH,ACTIVE,2026-05-04,OPENED,False,,,NOT_REQUIRED
CUST100759,خالد سالم,Khaled Salem,SYN929707755849,LOW,CLEAR,DORMANT,2026-06-24,OPENED,False,,,PENDING
CUST100760,عمر محمد,Omar Mohamed,SYN398946742933,LOW,NO_MATCH,ACTIVE,2026-02-12,OPENED,False,,,NOT_REQUIRED
CUST100761,دينا عبدالله,Dina Abdallah,SYN252221236644,MEDIUM,CLEAR,ACTIVE,2026-02-16,OPENED,False,,,NOT_REQUIRED
CUST100762,عبدالله أحمد,Abdullah Ahmed,SYN290594947119,LOW,CLEAR,DORMANT,2026-06-19,PENDING,False,,,COMPLETED
CUST100763,عبدالله منصور,Abdullah Mansour,SYN181001251940,LOW,CLEAR,ACTIVE,2026-05-27,OPENED,False,,,NOT_REQUIRED
CUST100764,مريم سالم,Mariam Salem,SYN208099567091,LOW,CLEAR,ACTIVE,2026-07-09,OPENED,False,,,NOT_REQUIRED
CUST100765,ياسمين مراد,Yasmine Mourad,SYN164174080766,HIGH,CLEAR,ACTIVE,2026-06-14,REVIEW,False,,,NOT_REQUIRED
CUST100766,كريم إبراهيم,Karim Ibrahim,SYN990840762284,LOW,CLEAR,ACTIVE,2026-07-20,PENDING,False,,,NOT_REQUIRED
CUST100767,منى إبراهيم,Mona Ibrahim,SYN166651915032,LOW,CLEAR,ACTIVE,2026-02-09,OPENED,False,,,NOT_REQUIRED
CUST100768,محمود علي,Mahmoud Ali,SYN219287872856,MEDIUM,CLEAR,ACTIVE,2026-02-27,PENDING,False,,,NOT_REQUIRED
CUST100769,مريم حسن,Mariam Hassan,SYN844529136031,HIGH,CLEAR,ACTIVE,2026-02-19,PENDING,False,,,NOT_REQUIRED
CUST100770,مصطفى محمد,Mostafa Mohamed,SYN622216195068,LOW,NO_MATCH,ACTIVE,2026-01-12,OPENED,False,,,NOT_REQUIRED
CUST100771,عبدالرحمن محمد,Abdelrahman Mohamed,SYN796975484112,MEDIUM,NO_MATCH,ACTIVE,2026-06-13,OPENED,False,,,NOT_REQUIRED
CUST100772,محمد محمد,Mohamed Mohamed,SYN667820806995,MEDIUM,CLEAR,ACTIVE,2026-05-19,OPENED,False,,,NOT_REQUIRED
CUST100773,خالد محمد,Khaled Mohamed,SYN893957563296,LOW,CLEAR,ACTIVE,2026-01-19,PENDING,False,,,NOT_REQUIRED
CUST100774,آية عمر,Aya Omar,SYN674620774988,MEDIUM,CLEAR,ACTIVE,2026-02-11,PENDING,False,,,NOT_REQUIRED
CUST100775,عبدالرحمن علي,Abdelrahman Ali,SYN569912583612,LOW,CLEAR,ACTIVE,2026-02-10,OPENED,False,,,NOT_REQUIRED
CUST100776,نور محمود,Nour Mahmoud,SYN741474724385,LOW,CLEAR,ACTIVE,2026-03-26,OPENED,False,,,NOT_REQUIRED
CUST100777,محمود حسن,Mahmoud Hassan,SYN502653476612,LOW,HIGH_RISK,ACTIVE,2026-04-06,OPENED,False,,,NOT_REQUIRED
CUST100778,علي محمود,Ali Mahmoud,SYN411457440614,LOW,CLEAR,ACTIVE,2026-03-02,OPENED,False,,,NOT_REQUIRED
CUST100779,إسراء فؤاد,Esraa Fouad,SYN520887207205,LOW,NO_MATCH,ACTIVE,2026-07-15,PENDING,False,,,NOT_REQUIRED
CUST100780,إسراء أحمد,Esraa Ahmed,SYN252742694588,LOW,CLEAR,ACTIVE,2026-02-14,OPENED,False,,,NOT_REQUIRED
CUST100781,كريم محمد,Karim Mohamed,SYN816914556822,LOW,CLEAR,DORMANT,2026-04-28,OPENED,False,,,PENDING
CUST100782,محمود أحمد,Mahmoud Ahmed,SYN334633403202,LOW,NO_MATCH,DORMANT,2026-04-02,OPENED,False,,,PENDING
CUST100783,محمود مراد,Mahmoud Mourad,SYN238178391703,LOW,CLEAR,ACTIVE,2026-03-23,OPENED,False,,,NOT_REQUIRED
CUST100784,منى فؤاد,Mona Fouad,SYN321717017604,LOW,CLEAR,DORMANT,2026-06-23,OPENED,False,,,PENDING
CUST100785,دينا حسين,Dina Hussein,SYN857863136595,LOW,NO_MATCH,ACTIVE,2026-07-25,OPENED,False,,,NOT_REQUIRED
CUST100786,محمد حسن,Mohamed Hassan,SYN397181166037,LOW,NO_MATCH,ACTIVE,2026-01-02,OPENED,False,,,NOT_REQUIRED
CUST100787,مصطفى علي,Mostafa Ali,SYN717444882555,LOW,CLEAR,ACTIVE,2026-04-08,OPENED,False,,,NOT_REQUIRED
CUST100788,هبة إبراهيم,Heba Ibrahim,SYN870768667590,MEDIUM,CLEAR,ACTIVE,2026-01-26,OPENED,False,,,NOT_REQUIRED
CUST100789,محمد عمر,Mohamed Omar,SYN169970200232,LOW,CLEAR,ACTIVE,2026-04-02,OPENED,False,,,NOT_REQUIRED
CUST100790,أحمد سالم,Ahmed Salem,SYN788521964660,MEDIUM,CLEAR,ACTIVE,2026-05-10,OPENED,False,,,NOT_REQUIRED
CUST100791,منى كمال,Mona Kamal,SYN376898919741,LOW,CLEAR,ACTIVE,2026-03-28,OPENED,False,,,NOT_REQUIRED
CUST100792,خالد محمد,Khaled Mohamed,SYN294960127765,MEDIUM,CLEAR,ACTIVE,2026-03-06,OPENED,False,,,NOT_REQUIRED
CUST100793,آية محمود,Aya Mahmoud,SYN720011307207,HIGH,CLEAR,DORMANT,2026-03-07,REVIEW,False,,,COMPLETED
CUST100794,نور إبراهيم,Nour Ibrahim,SYN918816960459,MEDIUM,CLEAR,ACTIVE,2026-03-04,OPENED,False,,,NOT_REQUIRED
CUST100795,علي حسين,Ali Hussein,SYN365517287841,LOW,CLEAR,ACTIVE,2026-03-10,OPENED,False,,,NOT_REQUIRED
CUST100796,عبدالرحمن مراد,Abdelrahman Mourad,SYN611950424845,LOW,CLEAR,ACTIVE,2026-03-20,OPENED,False,,,NOT_REQUIRED
CUST100797,منى حسن,Mona Hassan,SYN360850702464,LOW,CLEAR,ACTIVE,2026-05-25,OPENED,False,,,NOT_REQUIRED
CUST100798,سارة إبراهيم,Sara Ibrahim,SYN598857027153,LOW,CLEAR,ACTIVE,2026-01-21,OPENED,False,,,NOT_REQUIRED
CUST100799,,Nour Ibrahim,SYN659675827588,MEDIUM,CLEAR,ACTIVE,2026-01-09,OPENED,False,,,NOT_REQUIRED
CUST100800,محمد أحمد,Mohamed Ahmed,SYN649301849911,HIGH,CLEAR,ACTIVE,2026-04-19,REVIEW,False,,,NOT_REQUIRED
CUST100801,سارة إبراهيم,Sara Ibrahim,SYN661191732678,LOW,CLEAR,ACTIVE,2026-05-24,OPENED,False,,,NOT_REQUIRED
CUST100802,هبة عبدالله,Heba Abdallah,SYN221571812995,LOW,CLEAR,ACTIVE,2026-02-24,OPENED,False,,,NOT_REQUIRED
CUST100803,عبدالله حسين,Abdullah Hussein,SYN724186422628,LOW,CLEAR,ACTIVE,2026-02-12,OPENED,False,,,NOT_REQUIRED
CUST100804,خالد علي,Khaled Ali,SYN707275320742,LOW,CLEAR,ACTIVE,2026-05-12,OPENED,False,,,NOT_REQUIRED
CUST100805,ياسمين أحمد,Yasmine Ahmed,SYN714329309995,LOW,CLEAR,ACTIVE,2026-03-22,OPENED,False,,,NOT_REQUIRED
CUST100806,هبة أحمد,Heba Ahmed,SYN166663497464,LOW,CLEAR,ACTIVE,2026-06-04,OPENED,False,,,NOT_REQUIRED
CUST100807,محمود إبراهيم,Mahmoud Ibrahim,SYN502154958172,MEDIUM,CLEAR,ACTIVE,2026-01-31,OPENED,False,,,NOT_REQUIRED
CUST100808,مريم علي,Mariam Ali,SYN468131618841,LOW,NO_MATCH,ACTIVE,2026-01-26,OPENED,False,,,NOT_REQUIRED
CUST100809,عبدالرحمن مراد,Abdelrahman Mourad,SYN178040335278,LOW,CLEAR,ACTIVE,2026-04-27,OPENED,False,,,NOT_REQUIRED
CUST100810,محمد حسين,Mohamed Hussein,SYN300131135107,LOW,CLEAR,ACTIVE,2026-03-24,OPENED,False,,,NOT_REQUIRED
CUST100811,إسراء منصور,Esraa Mansour,SYN496866368618,MEDIUM,CLEAR,ACTIVE,2026-06-03,OPENED,False,,,NOT_REQUIRED
CUST100812,مصطفى فؤاد,Mostafa Fouad,SYN768615678872,LOW,CLEAR,ACTIVE,2026-04-17,OPENED,False,,,NOT_REQUIRED
CUST100813,علي إبراهيم,Ali Ibrahim,SYN313355869286,LOW,CLEAR,DORMANT,2026-03-16,OPENED,False,,,PENDING
CUST100814,ياسمين كمال,Yasmine Kamal,SYN846774919112,LOW,CLEAR,ACTIVE,2026-02-03,OPENED,False,,,NOT_REQUIRED
CUST100815,آية علي,Aya Ali,SYN591218457165,LOW,CLEAR,ACTIVE,2026-02-04,OPENED,False,,,NOT_REQUIRED
CUST100816,محمد حسين,Mohamed Hussein,SYN784379516666,LOW,CLEAR,ACTIVE,2026-06-08,OPENED,False,,,NOT_REQUIRED
CUST100817,محمود حسين,Mahmoud Hussein,SYN525300385003,LOW,CLEAR,ACTIVE,2026-02-17,OPENED,False,,,NOT_REQUIRED
CUST100818,مصطفى حسن,Mostafa Hassan,SYN549274802880,LOW,CLEAR,ACTIVE,2026-04-16,OPENED,False,,,NOT_REQUIRED
CUST100819,عبدالرحمن محمود,Abdelrahman Mahmoud,SYN657747450441,MEDIUM,PENDING,ACTIVE,2026-06-21,OPENED,False,,,NOT_REQUIRED
CUST100820,محمد محمود,Mohamed Mahmoud,SYN935173547349,LOW,CLEAR,ACTIVE,2026-07-08,OPENED,False,,,NOT_REQUIRED
CUST100821,مصطفى عمر,Mostafa Omar,SYN542631323271,LOW,CLEAR,ACTIVE,2026-02-26,OPENED,False,,,NOT_REQUIRED
CUST100822,محمود محمود,Mahmoud Mahmoud,SYN575791784297,LOW,CLEAR,ACTIVE,2026-01-24,OPENED,False,,,NOT_REQUIRED
CUST100823,مصطفى كمال,Mostafa Kamal,SYN641797267174,HIGH,CLEAR,ACTIVE,2026-06-12,REVIEW,False,,,NOT_REQUIRED
CUST100824,كريم عمر,Karim Omar,SYN763763623567,HIGH,CLEAR,ACTIVE,2026-05-25,REVIEW,False,,,NOT_REQUIRED
CUST100825,أحمد كمال,Ahmed Kamal,SYN164665301937,MEDIUM,CLEAR,ACTIVE,2026-03-11,OPENED,False,,,NOT_REQUIRED
CUST100826,مصطفى علي,Mostafa Ali,SYN564118694669,LOW,CLEAR,ACTIVE,2026-05-05,OPENED,False,,,NOT_REQUIRED
CUST100827,إسراء مراد,Esraa Mourad,SYN533432430285,LOW,CLEAR,ACTIVE,2026-02-09,OPENED,False,,,NOT_REQUIRED
CUST100828,إسراء منصور,Esraa Mansour,SYN929516485813,MEDIUM,NO_MATCH,ACTIVE,2026-05-28,OPENED,False,,,NOT_REQUIRED
CUST100829,محمد مراد,Mohamed Mourad,SYN544155922392,MEDIUM,CLEAR,ACTIVE,2026-06-02,OPENED,False,,,NOT_REQUIRED
CUST100830,يوسف محمد,Youssef Mohamed,SYN521488481224,LOW,CLEAR,ACTIVE,2026-03-04,OPENED,False,,,NOT_REQUIRED
CUST100831,يوسف مراد,Youssef Mourad,SYN965979989681,LOW,CLEAR,ACTIVE,2026-04-09,OPENED,False,,,NOT_REQUIRED
CUST100832,منى سالم,Mona Salem,SYN505518817240,LOW,CLEAR,ACTIVE,2026-03-12,OPENED,False,,,NOT_REQUIRED
CUST100833,محمود علي,Mahmoud Ali,SYN262795987289,MEDIUM,CLEAR,ACTIVE,2026-01-07,OPENED,False,,,NOT_REQUIRED
CUST100834,إسراء عبدالله,Esraa Abdallah,SYN295224510525,LOW,CLEAR,ACTIVE,2026-01-27,OPENED,False,,,NOT_REQUIRED
CUST100835,ياسمين حسن,Yasmine Hassan,SYN185668784503,LOW,CLEAR,ACTIVE,2026-07-21,OPENED,False,,,NOT_REQUIRED
CUST100836,آية مراد,Aya Mourad,SYN100511316333,LOW,CLEAR,ACTIVE,2026-04-06,OPENED,False,,,NOT_REQUIRED
CUST100837,عمر محمود,Omar Mahmoud,SYN488751094900,LOW,CLEAR,ACTIVE,2026-02-01,OPENED,False,,,NOT_REQUIRED
CUST100838,محمد حسين,Mohamed Hussein,SYN792318323168,LOW,CLEAR,ACTIVE,2026-01-10,OPENED,False,,,NOT_REQUIRED
CUST100839,عبدالله سالم,Abdullah Salem,SYN760119798519,LOW,CLEAR,ACTIVE,2026-03-16,OPENED,False,,,NOT_REQUIRED
CUST100840,علي عبدالله,Ali Abdallah,SYN128934179022,MEDIUM,CLEAR,ACTIVE,2026-07-26,OPENED,False,,,NOT_REQUIRED
CUST100841,مصطفى علي,Mostafa Ali,SYN612984613234,LOW,CLEAR,ACTIVE,2026-03-22,OPENED,False,,,NOT_REQUIRED
CUST100842,عبدالله يوسف,Abdullah Youssef,SYN238854812872,LOW,CLEAR,ACTIVE,2026-07-29,OPENED,False,,,NOT_REQUIRED
CUST100843,محمد يوسف,Mohamed Youssef,SYN946968656288,LOW,CLEAR,ACTIVE,2026-04-13,OPENED,False,,,NOT_REQUIRED
CUST100844,محمد عمر,Mohamed Omar,SYN250628499679,HIGH,NO_MATCH,ACTIVE,2026-06-10,OPENED,False,,,NOT_REQUIRED
CUST100845,محمد منصور,Mohamed Mansour,SYN663975295927,LOW,CLEAR,ACTIVE,2026-06-14,OPENED,False,,,NOT_REQUIRED
CUST100846,عمر عبدالله,Omar Abdallah,SYN393614525947,LOW,CLEAR,ACTIVE,2026-01-06,OPENED,False,,,NOT_REQUIRED
CUST100847,أحمد سالم,Ahmed Salem,SYN677405193367,LOW,CLEAR,ACTIVE,2026-01-02,OPENED,False,,,NOT_REQUIRED
CUST100848,آية إبراهيم,Aya Ibrahim,SYN471032736817,MEDIUM,CLEAR,ACTIVE,2026-07-13,OPENED,False,,,NOT_REQUIRED
CUST100849,كريم حسن,Karim Hassan,SYN783678747075,LOW,CLEAR,ACTIVE,2026-07-15,OPENED,False,,,NOT_REQUIRED
CUST100850,عبدالرحمن علي,Abdelrahman Ali,SYN307611212795,LOW,CLEAR,ACTIVE,2026-01-28,OPENED,False,,,NOT_REQUIRED
CUST100851,آية حسين,Aya Hussein,SYN915212667622,LOW,CLEAR,ACTIVE,2026-05-16,OPENED,False,,,NOT_REQUIRED
CUST100852,عبدالرحمن عبدالله,Abdelrahman Abdallah,SYN550188684382,MEDIUM,CLEAR,ACTIVE,2026-07-13,OPENED,False,,,NOT_REQUIRED
CUST100853,يوسف حسن,Youssef Hassan,SYN780483832941,LOW,CLEAR,ACTIVE,2026-07-19,OPENED,False,,,NOT_REQUIRED
CUST100854,علي علي,Ali Ali,SYN864757172261,MEDIUM,CLEAR,ACTIVE,2026-03-04,OPENED,False,,,NOT_REQUIRED
CUST100855,آية يوسف,Aya Youssef,SYN998945749859,MEDIUM,CLEAR,DORMANT,2026-06-21,OPENED,False,,,PENDING
CUST100856,يوسف محمد,Youssef Mohamed,SYN301551099034,LOW,CLEAR,ACTIVE,2026-05-16,OPENED,False,,,NOT_REQUIRED
CUST100857,أحمد سالم,Ahmed Salem,SYN358203172207,LOW,CLEAR,ACTIVE,2026-07-14,OPENED,False,,,NOT_REQUIRED
CUST100858,مصطفى إبراهيم,Mostafa Ibrahim,SYN325389778058,MEDIUM,CLEAR,ACTIVE,2026-01-31,OPENED,False,,,NOT_REQUIRED
CUST100859,آية عمر,Aya Omar,SYN336584198943,LOW,CLEAR,ACTIVE,2026-05-07,OPENED,False,,,NOT_REQUIRED
CUST100860,عبدالرحمن عمر,Abdelrahman Omar,SYN624200267385,LOW,CLEAR,ACTIVE,2026-01-06,OPENED,False,,,NOT_REQUIRED
CUST100861,عبدالله محمود,Abdullah Mahmoud,SYN994170270831,LOW,CLEAR,ACTIVE,2026-03-17,OPENED,False,,,NOT_REQUIRED
CUST100862,محمود يوسف,Mahmoud Youssef,SYN991250278383,LOW,CLEAR,ACTIVE,2026-01-03,OPENED,False,,,NOT_REQUIRED
CUST100863,ياسمين محمد,Yasmine Mohamed,SYN574095908226,LOW,CLEAR,ACTIVE,2026-04-04,OPENED,False,,,NOT_REQUIRED
CUST100864,آية يوسف,Aya Youssef,SYN675124489238,LOW,NO_MATCH,ACTIVE,2026-06-20,OPENED,False,,,NOT_REQUIRED
CUST100865,مصطفى عبدالله,Mostafa Abdallah,SYN873973489331,LOW,CLEAR,ACTIVE,2026-05-19,OPENED,False,,,NOT_REQUIRED
CUST100866,آية علي,Aya Ali,SYN939640112608,LOW,CLEAR,ACTIVE,2026-03-08,OPENED,False,,,NOT_REQUIRED
CUST100867,آية عمر,Aya Omar,SYN283474564596,LOW,CLEAR,ACTIVE,2026-03-31,OPENED,False,,,NOT_REQUIRED
CUST100868,نور أحمد,Nour Ahmed,SYN575687556048,MEDIUM,CLEAR,ACTIVE,2026-03-19,OPENED,False,,,NOT_REQUIRED
CUST100869,محمد عمر,Mohamed Omar,SYN849553349195,LOW,CLEAR,ACTIVE,2026-06-03,OPENED,False,,,NOT_REQUIRED
CUST100870,منى أحمد,Mona Ahmed,SYN372881868971,LOW,CLEAR,ACTIVE,2026-02-25,OPENED,False,,,NOT_REQUIRED
CUST100871,يوسف حسين,Youssef Hussein,SYN495828138232,LOW,CLEAR,ACTIVE,2026-01-20,PENDING,False,,,NOT_REQUIRED
CUST100872,محمود منصور,Mahmoud Mansour,SYN987058991360,LOW,CLEAR,ACTIVE,2026-04-17,OPENED,False,,,NOT_REQUIRED
CUST100873,محمود مراد,Mahmoud Mourad,SYN986542027048,LOW,CLEAR,ACTIVE,2026-06-24,OPENED,False,,,NOT_REQUIRED
CUST100874,مصطفى عبدالله,Mostafa Abdallah,SYN915496129688,LOW,NO_MATCH,ACTIVE,2026-04-11,OPENED,False,,,NOT_REQUIRED
CUST100875,هبة علي,Heba Ali,SYN818603510345,LOW,CLEAR,ACTIVE,2026-02-12,OPENED,False,,,NOT_REQUIRED
CUST100876,هبة حسين,Heba Hussein,SYN342217450650,LOW,CLEAR,ACTIVE,2026-01-10,OPENED,False,,,NOT_REQUIRED
CUST100877,خالد كمال,Khaled Kamal,SYN388765066660,LOW,NO_MATCH,ACTIVE,2026-07-18,OPENED,False,,,NOT_REQUIRED
CUST100878,هبة فؤاد,Heba Fouad,SYN592554557084,LOW,CLEAR,ACTIVE,2026-06-09,OPENED,False,,,NOT_REQUIRED
CUST100879,كريم علي,Karim Ali,SYN604699637105,LOW,CLEAR,ACTIVE,2026-02-02,OPENED,False,,,NOT_REQUIRED
CUST100880,أحمد محمد,Ahmed Mohamed,SYN554952537421,LOW,CLEAR,ACTIVE,2026-01-16,OPENED,False,,,NOT_REQUIRED
CUST100881,إسراء حسين,Esraa Hussein,SYN673003251924,LOW,NO_MATCH,ACTIVE,2026-01-28,OPENED,False,,,NOT_REQUIRED
CUST100882,نور حسن,Nour Hassan,SYN467490720369,LOW,CLEAR,ACTIVE,2026-03-21,OPENED,False,,,NOT_REQUIRED
CUST100883,عمر يوسف,Omar Youssef,SYN774256741583,LOW,CLEAR,ACTIVE,2026-06-20,OPENED,False,,,NOT_REQUIRED
CUST100884,آية منصور,Aya Mansour,SYN400194933830,LOW,NO_MATCH,ACTIVE,2026-02-03,OPENED,False,,,NOT_REQUIRED
CUST100885,خالد حسن,Khaled Hassan,SYN397609297251,LOW,CLEAR,ACTIVE,2026-06-21,OPENED,False,,,NOT_REQUIRED
CUST100886,أحمد منصور,Ahmed Mansour,SYN214503365702,LOW,NO_MATCH,ACTIVE,2026-01-01,OPENED,False,,,NOT_REQUIRED
CUST100887,عمر عبدالله,Omar Abdallah,SYN269840989026,HIGH,PENDING,ACTIVE,2026-06-05,REVIEW,False,,,NOT_REQUIRED
CUST100888,محمد أحمد,Mohamed Ahmed,SYN865468791029,LOW,NO_MATCH,ACTIVE,2026-03-01,OPENED,False,,,NOT_REQUIRED
CUST100889,علي عبدالله,Ali Abdallah,SYN501654104722,LOW,CLEAR,DORMANT,2026-07-21,OPENED,False,,,PENDING
CUST100890,أحمد حسن,Ahmed Hassan,SYN305081007897,LOW,CLEAR,ACTIVE,2026-04-10,OPENED,False,,,NOT_REQUIRED
CUST100891,خالد حسين,Khaled Hussein,SYN783406990020,HIGH,CLEAR,ACTIVE,2026-02-26,REVIEW,False,,,NOT_REQUIRED
CUST100892,هبة كمال,Heba Kamal,SYN598583013235,LOW,CLEAR,ACTIVE,2026-02-21,OPENED,False,,,NOT_REQUIRED
CUST100893,عبدالرحمن فؤاد,Abdelrahman Fouad,SYN119040410280,LOW,CLEAR,ACTIVE,2026-06-23,OPENED,False,,,NOT_REQUIRED
CUST100894,خالد حسن,Khaled Hassan,SYN384725311603,HIGH,NO_MATCH,ACTIVE,2026-03-26,REVIEW,False,,,NOT_REQUIRED
CUST100895,كريم يوسف,Karim Youssef,SYN259301270009,LOW,CLEAR,ACTIVE,2026-03-15,OPENED,False,,,NOT_REQUIRED
CUST100896,هبة سالم,Heba Salem,SYN690285574884,HIGH,CLEAR,ACTIVE,2026-06-04,REVIEW,False,,,NOT_REQUIRED
CUST100897,أحمد كمال,Ahmed Kamal,SYN347527936567,LOW,CLEAR,ACTIVE,2026-04-23,OPENED,False,,,NOT_REQUIRED
CUST100898,أحمد عمر,Ahmed Omar,SYN158452101288,LOW,CLEAR,ACTIVE,2026-05-20,OPENED,False,,,NOT_REQUIRED
CUST100899,كريم محمد,Karim Mohamed,SYN149441490277,LOW,CLEAR,ACTIVE,2026-04-04,OPENED,False,,,NOT_REQUIRED
CUST100900,محمد سالم,Mohamed Salem,SYN623554568162,LOW,CLEAR,ACTIVE,2026-01-14,OPENED,False,,,NOT_REQUIRED
CUST100901,محمد إبراهيم,Mohamed Ibrahim,SYN119551110133,MEDIUM,PENDING,ACTIVE,2026-01-02,OPENED,False,,,NOT_REQUIRED
CUST100902,يوسف فؤاد,Youssef Fouad,SYN863912901822,LOW,CLEAR,ACTIVE,2026-01-09,PENDING,False,,,NOT_REQUIRED
CUST100903,إسراء حسين,Esraa Hussein,SYN239857407331,HIGH,CLEAR,ACTIVE,2026-05-01,REVIEW,False,,,NOT_REQUIRED
CUST100904,منى محمود,Mona Mahmoud,SYN645909701675,LOW,CLEAR,ACTIVE,2026-04-18,OPENED,False,,,NOT_REQUIRED
CUST100905,خالد حسين,Khaled Hussein,SYN500219225209,LOW,CLEAR,ACTIVE,2026-06-06,OPENED,False,,,NOT_REQUIRED
CUST100906,نور محمود,Nour Mahmoud,SYN498566369108,HIGH,CLEAR,ACTIVE,2026-07-07,REVIEW,False,,,NOT_REQUIRED
CUST100907,عمر حسن,Omar Hassan,SYN164617428124,LOW,HIGH_RISK,ACTIVE,2026-02-06,REVIEW,False,,,NOT_REQUIRED
CUST100908,مريم أحمد,Mariam Ahmed,SYN822477025190,MEDIUM,CLEAR,ACTIVE,2026-07-21,OPENED,False,,,NOT_REQUIRED
CUST100909,أحمد مراد,Ahmed Mourad,SYN903747236277,LOW,CLEAR,ACTIVE,2026-07-15,OPENED,False,,,NOT_REQUIRED
CUST100910,ياسمين علي,Yasmine Ali,SYN109915000645,LOW,CLEAR,ACTIVE,2026-05-10,PENDING,False,,,NOT_REQUIRED
CUST100911,عمر كمال,Omar Kamal,SYN260743758127,LOW,CLEAR,ACTIVE,2026-04-22,OPENED,False,,,NOT_REQUIRED
CUST100912,مريم أحمد,Mariam Ahmed,SYN913513769915,LOW,PENDING,ACTIVE,2026-02-07,OPENED,False,,,NOT_REQUIRED
CUST100913,عبدالرحمن عمر,Abdelrahman Omar,SYN594544251520,LOW,CLEAR,DORMANT,2026-02-07,OPENED,False,,,PENDING
CUST100914,دينا محمود,Dina Mahmoud,SYN235035620423,LOW,CLEAR,ACTIVE,2026-01-04,OPENED,False,,,NOT_REQUIRED
CUST100915,منى إبراهيم,Mona Ibrahim,SYN282511407348,LOW,CLEAR,ACTIVE,2026-05-16,OPENED,False,,,NOT_REQUIRED
CUST100916,هبة محمود,Heba Mahmoud,SYN693987619813,LOW,CLEAR,ACTIVE,2026-04-01,OPENED,False,,,NOT_REQUIRED
CUST100917,ياسمين إبراهيم,Yasmine Ibrahim,SYN752335140022,MEDIUM,CLEAR,ACTIVE,2026-02-10,OPENED,False,,,NOT_REQUIRED
CUST100918,علي عبدالله,Ali Abdallah,SYN639484127721,LOW,CLEAR,DORMANT,2026-01-29,OPENED,False,,,PENDING
CUST100919,كريم إبراهيم,Karim Ibrahim,SYN957833541921,LOW,CLEAR,ACTIVE,2026-01-14,OPENED,False,,,NOT_REQUIRED
CUST100920,إسراء محمد,Esraa Mohamed,SYN544657243295,HIGH,CLEAR,DORMANT,2026-05-15,OPENED,False,,,PENDING
CUST100921,دينا سالم,Dina Salem,SYN370244720928,LOW,PENDING,ACTIVE,2026-05-24,OPENED,False,,,NOT_REQUIRED
CUST100922,نور يوسف,Nour Youssef,SYN529509618978,LOW,CLEAR,ACTIVE,2026-05-13,OPENED,False,,,NOT_REQUIRED
CUST100923,محمود عبدالله,Mahmoud Abdallah,SYN423699664299,LOW,NO_MATCH,ACTIVE,2026-01-24,OPENED,False,,,NOT_REQUIRED
CUST100924,يوسف محمد,Youssef Mohamed,SYN301974303407,LOW,CLEAR,ACTIVE,2026-01-09,OPENED,False,,,NOT_REQUIRED
CUST100925,عبدالله علي,Abdullah Ali,SYN141366924406,LOW,CLEAR,ACTIVE,2026-01-23,PENDING,False,,,NOT_REQUIRED
CUST100926,هبة محمد,Heba Mohamed,SYN416991244208,LOW,CLEAR,ACTIVE,2026-06-07,OPENED,False,,,NOT_REQUIRED
CUST100927,سارة علي,Sara Ali,SYN740268412938,LOW,CLEAR,ACTIVE,2026-06-05,OPENED,False,,,NOT_REQUIRED
CUST100928,نور حسن,Nour Hassan,SYN116594022587,LOW,CLEAR,ACTIVE,2026-03-03,OPENED,False,,,NOT_REQUIRED
CUST100929,دينا مراد,Dina Mourad,SYN495260661885,LOW,NO_MATCH,ACTIVE,2026-01-12,OPENED,False,,,NOT_REQUIRED
CUST100930,هبة علي,Heba Ali,SYN679608461304,LOW,CLEAR,ACTIVE,2026-03-09,OPENED,False,,,NOT_REQUIRED
CUST100931,مصطفى إبراهيم,Mostafa Ibrahim,SYN649363698256,LOW,CLEAR,ACTIVE,2026-06-20,OPENED,False,,,NOT_REQUIRED
CUST100932,علي يوسف,Ali Youssef,SYN798983592299,LOW,CLEAR,ACTIVE,2026-01-31,OPENED,False,,,NOT_REQUIRED
CUST100933,كريم مراد,Karim Mourad,SYN829467744093,MEDIUM,CLEAR,ACTIVE,2026-06-17,OPENED,False,,,NOT_REQUIRED
CUST100934,نور حسن,Nour Hassan,SYN740535238827,LOW,CLEAR,ACTIVE,2026-04-08,OPENED,False,,,NOT_REQUIRED
CUST100935,عبدالله حسن,Abdullah Hassan,SYN192517926530,LOW,CLEAR,ACTIVE,2026-01-30,OPENED,False,,,NOT_REQUIRED
CUST100936,عمر محمد,Omar Mohamed,SYN527520199603,LOW,CLEAR,ACTIVE,2026-07-16,OPENED,False,,,NOT_REQUIRED
CUST100937,محمود سالم,Mahmoud Salem,SYN643065361738,LOW,CLEAR,ACTIVE,2026-04-19,OPENED,False,,,NOT_REQUIRED
CUST100938,منى مراد,Mona Mourad,SYN321009434928,LOW,CLEAR,ACTIVE,2026-05-22,OPENED,False,,,NOT_REQUIRED
CUST100939,هبة حسين,Heba Hussein,SYN138296635882,LOW,CLEAR,ACTIVE,2026-01-21,OPENED,False,,,NOT_REQUIRED
CUST100940,مصطفى حسن,Mostafa Hassan,SYN301231288788,HIGH,CLEAR,ACTIVE,2026-03-20,REVIEW,False,,,NOT_REQUIRED
CUST100941,نور حسين,Nour Hussein,SYN509404961559,LOW,CLEAR,ACTIVE,2026-05-13,OPENED,False,,,NOT_REQUIRED
CUST100942,عبدالله كمال,Abdullah Kamal,SYN472537287149,MEDIUM,CLEAR,ACTIVE,2026-05-16,OPENED,False,,,NOT_REQUIRED
CUST100943,منى أحمد,Mona Ahmed,SYN259000283194,LOW,CLEAR,DORMANT,2026-01-14,OPENED,False,,,PENDING
CUST100944,محمود محمد,Mahmoud Mohamed,SYN841973988415,LOW,CLEAR,ACTIVE,2026-05-07,OPENED,False,,,NOT_REQUIRED
CUST100945,محمود علي,Mahmoud Ali,SYN933118001863,LOW,HIGH_RISK,ACTIVE,2026-07-18,REVIEW,False,,,NOT_REQUIRED
CUST100946,عبدالرحمن حسن,Abdelrahman Hassan,SYN281213487147,LOW,CLEAR,ACTIVE,2026-06-15,OPENED,False,,,NOT_REQUIRED
CUST100947,محمود كمال,Mahmoud Kamal,SYN936615624010,MEDIUM,CLEAR,ACTIVE,2026-02-13,OPENED,False,,,NOT_REQUIRED
CUST100948,عبدالله أحمد,Abdullah Ahmed,SYN116074863257,HIGH,PENDING,ACTIVE,2026-07-11,REVIEW,False,,,NOT_REQUIRED
CUST100949,علي محمود,Ali Mahmoud,SYN932466225436,MEDIUM,CLEAR,ACTIVE,2026-05-24,OPENED,False,,,NOT_REQUIRED
CUST100950,أحمد كمال,Ahmed Kamal,SYN956735911072,LOW,CLEAR,ACTIVE,2026-01-12,OPENED,False,,,NOT_REQUIRED
CUST100951,سارة منصور,Sara Mansour,SYN110846676714,MEDIUM,NO_MATCH,ACTIVE,2026-01-27,OPENED,False,,,NOT_REQUIRED
CUST100952,كريم علي,Karim Ali,SYN786717367099,LOW,NO_MATCH,ACTIVE,2026-07-13,OPENED,False,,,NOT_REQUIRED
CUST100953,نور عبدالله,Nour Abdallah,SYN973181415312,MEDIUM,CLEAR,DORMANT,2026-02-14,OPENED,False,,,PENDING
CUST100954,ياسمين مراد,Yasmine Mourad,SYN915311996936,LOW,CLEAR,ACTIVE,2026-01-21,OPENED,False,,,NOT_REQUIRED
CUST100955,كريم عبدالله,Karim Abdallah,SYN973639145076,LOW,CLEAR,ACTIVE,2026-04-05,OPENED,False,,,NOT_REQUIRED
CUST100956,نور إبراهيم,Nour Ibrahim,SYN595291155127,LOW,NO_MATCH,ACTIVE,2026-04-21,OPENED,False,,,NOT_REQUIRED
CUST100957,كريم إبراهيم,Karim Ibrahim,SYN170340525896,LOW,NO_MATCH,ACTIVE,2026-05-01,OPENED,False,,,NOT_REQUIRED
CUST100958,عبدالرحمن منصور,Abdelrahman Mansour,SYN864810278024,LOW,CLEAR,ACTIVE,2026-05-19,OPENED,False,,,NOT_REQUIRED
CUST100959,نور حسن,Nour Hassan,SYN652445430228,MEDIUM,CLEAR,ACTIVE,2026-07-29,OPENED,False,,,NOT_REQUIRED
CUST100960,عمر يوسف,Omar Youssef,SYN653263069769,MEDIUM,CLEAR,ACTIVE,2026-06-09,OPENED,False,,,NOT_REQUIRED
CUST100961,نور مراد,Nour Mourad,SYN475528248872,HIGH,CLEAR,ACTIVE,2026-01-06,REVIEW,False,,,NOT_REQUIRED
CUST100962,آية حسن,Aya Hassan,SYN614657778868,LOW,CLEAR,ACTIVE,2026-01-19,OPENED,False,,,NOT_REQUIRED
CUST100963,يوسف يوسف,Youssef Youssef,SYN238221801177,LOW,CLEAR,DORMANT,2026-01-01,OPENED,False,,,PENDING
CUST100964,عبدالله يوسف,Abdullah Youssef,SYN765793023909,LOW,CLEAR,ACTIVE,2026-03-24,OPENED,False,,,NOT_REQUIRED
CUST100965,دينا عمر,Dina Omar,SYN167515576616,LOW,CLEAR,ACTIVE,2026-03-15,OPENED,False,,,NOT_REQUIRED
CUST100966,كريم محمد,Karim Mohamed,SYN756802690339,LOW,CLEAR,ACTIVE,2026-07-16,OPENED,False,,,NOT_REQUIRED
CUST100967,سارة إبراهيم,Sara Ibrahim,SYN864080580362,LOW,CLEAR,ACTIVE,2026-03-18,OPENED,False,,,NOT_REQUIRED
CUST100968,عبدالله يوسف,Abdullah Youssef,SYN525221809808,LOW,CLEAR,ACTIVE,2026-01-07,OPENED,False,,,NOT_REQUIRED
CUST100969,محمد حسن,Mohamed Hassan,SYN558847329451,LOW,CLEAR,ACTIVE,2026-07-05,OPENED,False,,,NOT_REQUIRED
CUST100970,علي يوسف,Ali Youssef,SYN380992845629,LOW,NO_MATCH,ACTIVE,2026-02-24,OPENED,False,,,NOT_REQUIRED
CUST100971,نور كمال,Nour Kamal,SYN972512725353,LOW,CLEAR,ACTIVE,2026-07-11,OPENED,False,,,NOT_REQUIRED
CUST100972,منى فؤاد,Mona Fouad,SYN759812027103,LOW,CLEAR,ACTIVE,2026-06-12,OPENED,False,,,NOT_REQUIRED
CUST100973,منى محمد,Mona Mohamed,SYN432089697970,MEDIUM,CLEAR,ACTIVE,2026-07-04,OPENED,False,,,NOT_REQUIRED
CUST100974,محمود سالم,Mahmoud Salem,SYN257326647609,LOW,CLEAR,ACTIVE,2026-06-22,OPENED,False,,,NOT_REQUIRED
CUST100975,يوسف أحمد,Youssef Ahmed,SYN297621632981,MEDIUM,CLEAR,ACTIVE,2026-01-31,PENDING,False,,,NOT_REQUIRED
CUST100976,أحمد كمال,Ahmed Kamal,SYN517530057499,LOW,CLEAR,ACTIVE,2026-05-12,OPENED,False,,,NOT_REQUIRED
CUST100977,دينا محمد,Dina Mohamed,SYN948311560282,LOW,CLEAR,ACTIVE,2026-03-28,OPENED,False,,,NOT_REQUIRED
CUST100978,مريم أحمد,Mariam Ahmed,SYN760731711184,LOW,CLEAR,ACTIVE,2026-05-13,OPENED,False,,,NOT_REQUIRED
CUST100979,دينا عمر,Dina Omar,SYN293719373361,MEDIUM,CLEAR,DORMANT,2026-06-06,OPENED,False,,,PENDING
CUST100980,دينا منصور,Dina Mansour,SYN873605020077,LOW,CLEAR,DORMANT,2026-04-16,OPENED,False,,,PENDING
CUST100981,خالد منصور,Khaled Mansour,SYN440380470708,LOW,CLEAR,ACTIVE,2026-03-07,OPENED,False,,,NOT_REQUIRED
CUST100982,هبة أحمد,Heba Ahmed,SYN866549964477,LOW,CLEAR,ACTIVE,2026-07-12,OPENED,False,,,NOT_REQUIRED
CUST100983,كريم عمر,Karim Omar,SYN317529638183,LOW,CLEAR,ACTIVE,2026-05-20,OPENED,False,,,NOT_REQUIRED
CUST100984,دينا منصور,Dina Mansour,SYN656794550742,LOW,CLEAR,ACTIVE,2026-07-05,OPENED,False,,,NOT_REQUIRED
CUST100985,مصطفى عمر,Mostafa Omar,SYN934003439273,LOW,CLEAR,ACTIVE,2026-02-19,OPENED,False,,,NOT_REQUIRED
CUST100986,كريم يوسف,Karim Youssef,SYN332104608233,LOW,CLEAR,ACTIVE,2026-06-26,OPENED,False,,,NOT_REQUIRED
CUST100987,سارة حسين,Sara Hussein,SYN723633931527,LOW,CLEAR,ACTIVE,2026-03-09,OPENED,False,,,NOT_REQUIRED
CUST100988,يوسف حسين,Youssef Hussein,SYN988581357961,LOW,NO_MATCH,DORMANT,2026-04-07,PENDING,False,,,COMPLETED
CUST100989,ياسمين كمال,Yasmine Kamal,SYN235538458518,LOW,NO_MATCH,ACTIVE,2026-06-30,OPENED,False,,,NOT_REQUIRED
CUST100990,سارة إبراهيم,Sara Ibrahim,SYN179562061630,MEDIUM,NO_MATCH,ACTIVE,2026-03-16,OPENED,False,,,NOT_REQUIRED
CUST100991,هبة عبدالله,Heba Abdallah,SYN706775673200,MEDIUM,CLEAR,ACTIVE,2026-02-22,OPENED,False,,,NOT_REQUIRED
CUST100992,عمر محمود,Omar Mahmoud,SYN405762352974,LOW,CLEAR,ACTIVE,2026-07-12,OPENED,False,,,NOT_REQUIRED
CUST100993,نور منصور,Nour Mansour,SYN164120029629,LOW,CLEAR,ACTIVE,2026-07-22,OPENED,False,,,NOT_REQUIRED
CUST100994,هبة عمر,Heba Omar,SYN527775056095,LOW,CLEAR,ACTIVE,2026-03-07,OPENED,False,,,NOT_REQUIRED
CUST100995,كريم أحمد,Karim Ahmed,SYN778393611679,LOW,CLEAR,ACTIVE,2026-03-06,PENDING,False,,,NOT_REQUIRED
CUST100996,هبة سالم,Heba Salem,SYN356610160373,LOW,CLEAR,ACTIVE,2026-02-17,OPENED,False,,,NOT_REQUIRED
CUST100997,مريم مراد,Mariam Mourad,SYN401542189754,LOW,CLEAR,ACTIVE,2026-01-05,OPENED,False,,,NOT_REQUIRED
CUST100998,عبدالرحمن محمود,Abdelrahman Mahmoud,SYN861129460582,HIGH,CLEAR,ACTIVE,2026-04-27,REVIEW,False,,,NOT_REQUIRED
CUST100999,هبة محمود,Heba Mahmoud,SYN568064721035,LOW,CLEAR,ACTIVE,2026-02-23,OPENED,False,,,NOT_REQUIRED
